year,inductions,eligiblePoolMen19to26,inductionSource,poolSource
1958,142246,8700000,"Selective Service System, Induction Statistics (sss.gov; table reproduced at en.wikipedia.org/wiki/Selective_Service_System)","Estimate: linear interpolation of US resident males aged 19-26 between the 1960 and 1970 decennial censuses (US Census Bureau, Census of Population, age by sex); not a published series"
1959,96143,8850000,"Selective Service System, Induction Statistics","Estimate: census interpolation as above"
1960,86602,9000000,"Selective Service System, Induction Statistics","Estimate: 1960 Census males 19-26 (~1.25M age 19 + 5.55M age 20-24 + ~2.2M age 25-26)"
1961,118586,9200000,"Selective Service System, Induction Statistics","Estimate: census interpolation as above"
1962,82060,9500000,"Selective Service System, Induction Statistics","Estimate: census interpolation as above"
1963,119265,9900000,"Selective Service System, Induction Statistics","Estimate: census interpolation as above"
1964,112386,10300000,"Selective Service System, Induction Statistics","Estimate: census interpolation as above"
1965,230991,10800000,"Selective Service System, Induction Statistics","Estimate: census interpolation as above"
1966,382010,11300000,"Selective Service System, Induction Statistics","Estimate: census interpolation as above"
1967,228263,11800000,"Selective Service System, Induction Statistics","Estimate: census interpolation as above"
1968,296406,12300000,"Selective Service System, Induction Statistics","Estimate: census interpolation as above"
1969,283586,12700000,"Selective Service System, Induction Statistics","Estimate: census interpolation as above"
1970,162746,13000000,"Selective Service System, Induction Statistics","Estimate: 1970 Census males 19-26 (~1.85M age 19 + ~8.4M age 20-24 + ~2.7M age 25-26), rounded"
