seed,year,genre,eligibleArtistProjectOpportunities,retainedSelections,transitionSelections,annualFloorSelections,unavailableIdentityTransitions,annualFloorRequested,annualFloorReroutes,albumCapacityReroutes,singleDecisions,albumDecisions,orphanDecisions,promoDecisions,fulfilledUnits,settlementSingleUnits,settlementAlbumUnits
1001,1960,AcidRock,0,0,0,0,0,0,0,0,0,0,0,0,0,0,0
1001,1960,BaroquePop,0,0,0,0,0,0,0,0,0,0,0,0,0,0,0
1001,1960,Blues,160,128,29,3,0,3,0,0,86,80,86,80,3235561,3175535,64890
1001,1960,BluesRock,0,0,0,0,0,0,0,0,0,0,0,0,0,0,0
1001,1960,Boogaloo,0,0,0,0,0,0,0,0,0,0,0,0,0,0,0
1001,1960,BossaNova,0,0,0,0,0,0,0,0,0,0,0,0,0,0,0
1001,1960,BritishBeat,0,0,0,0,0,0,0,0,0,0,0,0,0,0,0
1001,1960,BritishBlues,0,0,0,0,0,0,0,0,0,0,0,0,0,0,0
1001,1960,BritishPop,0,0,0,0,0,0,0,0,0,0,0,0,0,0,0
1001,1960,Bubblegum,0,0,0,0,0,0,0,0,0,0,0,0,0,0,0
1001,1960,Childrens,49,29,17,3,0,3,0,0,3,46,3,46,547356,528358,19858
1001,1960,Classical,137,113,21,3,0,3,0,0,0,138,0,131,2281534,1941614,343589
1001,1960,Comedy,50,27,20,3,0,3,0,0,2,48,2,48,778476,737059,42431
1001,1960,ContemporaryFolk,0,0,0,0,0,0,0,0,0,0,0,0,0,0,0
1001,1960,Country,357,271,83,3,0,3,0,0,356,12,356,12,14816817,14816850,10266
1001,1960,CountryRock,0,0,0,0,0,0,0,0,0,0,0,0,0,0,0
1001,1960,DooWop,306,166,137,3,0,3,0,0,307,4,307,4,7383798,7391292,226
1001,1960,EasyListening,251,184,64,3,0,3,0,0,62,192,62,192,8854145,8117341,742932
1001,1960,Folk,223,150,70,3,0,3,0,0,81,145,81,145,7677448,7503921,180495
1001,1960,FolkRock,0,0,0,0,0,0,0,0,0,0,0,0,0,0,0
1001,1960,Funk,0,0,0,0,0,0,0,0,0,0,0,0,0,0,0
1001,1960,GarageRock,0,0,0,0,0,0,0,0,0,0,0,0,0,0,0
1001,1960,Gospel,106,50,53,3,0,3,0,0,96,11,96,11,1394895,1395687,1593
1001,1960,HardRock,0,0,0,0,0,0,0,0,0,0,0,0,0,0,0
1001,1960,Jazz,182,146,33,3,0,3,0,0,32,156,32,156,9417524,9007066,415797
1001,1960,LatinPop,40,26,11,3,0,3,0,0,31,9,31,9,604174,602721,2231
1001,1960,ProgressiveRock,0,0,0,0,0,0,0,0,0,0,0,0,0,0,0
1001,1960,ProtoMetal,0,0,0,0,0,0,0,0,0,0,0,0,0,0,0
1001,1960,ProtoPunk,0,0,0,0,0,0,0,0,0,0,0,0,0,0,0
1001,1960,PsychedelicRock,0,0,0,0,0,0,0,0,0,0,0,0,0,0,0
1001,1960,Reggae,0,0,0,0,0,0,0,0,0,0,0,0,0,0,0
1001,1960,RnB,525,421,101,3,0,3,0,0,512,27,512,27,13912067,13923906,2110
1001,1960,RockAndRoll,682,575,104,3,0,3,0,0,663,32,663,32,18994970,19003188,10225
1001,1960,Rocksteady,0,0,0,0,0,0,0,0,0,0,0,0,0,0,0
1001,1960,SingerSongwriter,0,0,0,0,0,0,0,0,0,0,0,0,0,0,0
1001,1960,Ska,0,0,0,0,0,0,0,0,0,0,0,0,0,0,0
1001,1960,Soul,401,360,38,3,0,3,0,0,386,22,386,22,6839684,6849792,1019
1001,1960,SunshinePop,0,0,0,0,0,0,0,0,0,0,0,0,0,0,0
1001,1960,SurfRock,0,0,0,0,0,0,0,0,0,0,0,0,0,0,0
1001,1960,TeenPop,633,533,97,3,0,3,0,0,597,50,597,50,24785770,24787191,15789
1001,1960,TexMex,27,12,12,3,0,3,0,0,23,4,23,4,258978,259229,336
1001,1960,TraditionalPop,466,346,117,3,0,3,0,0,287,184,287,184,26627778,26319950,320234
1001,1961,AcidRock,0,0,0,0,0,0,0,0,0,0,0,0,0,0,0
1001,1961,BaroquePop,0,0,0,0,0,0,0,0,0,0,0,0,0,0,0
1001,1961,Blues,126,109,14,3,0,3,0,0,66,60,66,60,2463331,2315755,152489
1001,1961,BluesRock,0,0,0,0,0,0,0,0,0,0,0,0,0,0,0
1001,1961,Boogaloo,0,0,0,0,0,0,0,0,0,0,0,0,0,0,0
1001,1961,BossaNova,0,0,0,0,0,0,0,0,0,0,0,0,0,0,0
1001,1961,BritishBeat,0,0,0,0,0,0,0,0,0,0,0,0,0,0,0
1001,1961,BritishBlues,0,0,0,0,0,0,0,0,0,0,0,0,0,0,0
1001,1961,BritishPop,0,0,0,0,0,0,0,0,0,0,0,0,0,0,0
1001,1961,Bubblegum,0,0,0,0,0,0,0,0,0,0,0,0,0,0,0
1001,1961,Childrens,46,26,17,3,0,3,0,0,7,39,7,39,1085401,1008252,79389
1001,1961,Classical,116,100,13,3,0,3,0,0,0,116,0,103,2189258,1480654,712655
1001,1961,Comedy,61,34,24,3,0,3,0,0,6,55,6,55,1722468,1550032,174722
1001,1961,ContemporaryFolk,23,8,12,3,0,3,0,0,10,13,10,13,394897,392572,2835
1001,1961,Country,298,234,61,3,0,3,0,0,286,12,286,12,15601339,15581185,33633
1001,1961,CountryRock,0,0,0,0,0,0,0,0,0,0,0,0,0,0,0
1001,1961,DooWop,256,152,101,3,0,3,0,0,242,14,242,14,6336566,6342816,4265
1001,1961,EasyListening,241,174,64,3,0,3,0,0,53,188,53,184,11934824,10263752,1680897
1001,1961,Folk,233,171,59,3,0,3,0,0,77,155,77,155,9433992,8843489,598719
1001,1961,FolkRock,0,0,0,0,0,0,0,0,0,0,0,0,0,0,0
1001,1961,Funk,0,0,0,0,0,0,0,0,0,0,0,0,0,0,0
1001,1961,GarageRock,0,0,0,0,0,0,0,0,0,0,0,0,0,0,0
1001,1961,Gospel,102,42,57,3,0,3,0,0,84,18,84,18,1884806,1879198,9648
1001,1961,HardRock,0,0,0,0,0,0,0,0,0,0,0,0,0,0,0
1001,1961,Jazz,200,143,54,3,0,3,0,0,44,156,44,156,11607770,10741891,873304
1001,1961,LatinPop,42,31,8,3,0,3,0,0,29,13,29,13,377954,374721,4452
1001,1961,ProgressiveRock,0,0,0,0,0,0,0,0,0,0,0,0,0,0,0
1001,1961,ProtoMetal,0,0,0,0,0,0,0,0,0,0,0,0,0,0,0
1001,1961,ProtoPunk,0,0,0,0,0,0,0,0,0,0,0,0,0,0,0
1001,1961,PsychedelicRock,0,0,0,0,0,0,0,0,0,0,0,0,0,0,0
1001,1961,Reggae,0,0,0,0,0,0,0,0,0,0,0,0,0,0,0
1001,1961,RnB,484,370,111,3,0,3,0,0,448,36,448,36,15532390,15540693,9635
1001,1961,RockAndRoll,560,487,70,3,0,3,0,0,534,26,534,26,20114922,20108393,31024
1001,1961,Rocksteady,0,0,0,0,0,0,0,0,0,0,0,0,0,0,0
1001,1961,SingerSongwriter,0,0,0,0,0,0,0,0,0,0,0,0,0,0,0
1001,1961,Ska,0,0,0,0,0,0,0,0,0,0,0,0,0,0,0
1001,1961,Soul,284,185,96,3,0,3,0,0,259,25,259,25,6384450,6390165,5439
1001,1961,SunshinePop,0,0,0,0,0,0,0,0,0,0,0,0,0,0,0
1001,1961,SurfRock,21,3,15,3,0,3,0,0,19,2,19,2,797615,795343,2767
1001,1961,TeenPop,546,459,84,3,0,3,0,0,479,66,479,66,20213626,20157224,80944
1001,1961,TexMex,35,23,9,3,0,3,0,0,32,2,32,2,312231,313002,254
1001,1961,TraditionalPop,382,290,89,3,0,3,0,0,244,138,244,138,22309777,21596023,731507
1001,1962,AcidRock,0,0,0,0,0,0,0,0,0,0,0,0,0,0,0
1001,1962,BaroquePop,0,0,0,0,0,0,0,0,0,0,0,0,0,0,0
1001,1962,Blues,0,0,0,0,0,0,0,0,0,0,0,0,0,0,0
1001,1962,BluesRock,0,0,0,0,0,0,0,0,0,0,0,0,0,0,0
1001,1962,Boogaloo,0,0,0,0,0,0,0,0,0,0,0,0,0,0,0
1001,1962,BossaNova,0,0,0,0,0,0,0,0,0,0,0,0,0,0,0
1001,1962,BritishBeat,0,0,0,0,0,0,0,0,0,0,0,0,0,0,0
1001,1962,BritishBlues,0,0,0,0,0,0,0,0,0,0,0,0,0,0,0
1001,1962,BritishPop,0,0,0,0,0,0,0,0,0,0,0,0,0,0,0
1001,1962,Bubblegum,0,0,0,0,0,0,0,0,0,0,0,0,0,0,0
1001,1962,Childrens,0,0,0,0,0,0,0,0,0,0,0,0,0,0,0
1001,1962,Classical,0,0,0,0,0,0,0,0,0,0,0,0,0,0,0
1001,1962,Comedy,0,0,0,0,0,0,0,0,0,0,0,0,0,0,0
1001,1962,ContemporaryFolk,0,0,0,0,0,0,0,0,0,0,0,0,0,0,0
1001,1962,Country,0,0,0,0,0,0,0,0,0,0,0,0,0,0,0
1001,1962,CountryRock,0,0,0,0,0,0,0,0,0,0,0,0,0,0,0
1001,1962,DooWop,0,0,0,0,0,0,0,0,0,0,0,0,0,0,0
1001,1962,EasyListening,0,0,0,0,0,0,0,0,0,0,0,0,0,0,0
1001,1962,Folk,0,0,0,0,0,0,0,0,0,0,0,0,0,0,0
1001,1962,FolkRock,0,0,0,0,0,0,0,0,0,0,0,0,0,0,0
1001,1962,Funk,0,0,0,0,0,0,0,0,0,0,0,0,0,0,0
1001,1962,GarageRock,0,0,0,0,0,0,0,0,0,0,0,0,0,0,0
1001,1962,Gospel,0,0,0,0,0,0,0,0,0,0,0,0,0,0,0
1001,1962,HardRock,0,0,0,0,0,0,0,0,0,0,0,0,0,0,0
1001,1962,Jazz,0,0,0,0,0,0,0,0,0,0,0,0,0,0,0
1001,1962,LatinPop,0,0,0,0,0,0,0,0,0,0,0,0,0,0,0
1001,1962,ProgressiveRock,0,0,0,0,0,0,0,0,0,0,0,0,0,0,0
1001,1962,ProtoMetal,0,0,0,0,0,0,0,0,0,0,0,0,0,0,0
1001,1962,ProtoPunk,0,0,0,0,0,0,0,0,0,0,0,0,0,0,0
1001,1962,PsychedelicRock,0,0,0,0,0,0,0,0,0,0,0,0,0,0,0
1001,1962,Reggae,0,0,0,0,0,0,0,0,0,0,0,0,0,0,0
1001,1962,RnB,0,0,0,0,0,0,0,0,0,0,0,0,0,0,0
1001,1962,RockAndRoll,0,0,0,0,0,0,0,0,0,0,0,0,0,0,0
1001,1962,Rocksteady,0,0,0,0,0,0,0,0,0,0,0,0,0,0,0
1001,1962,SingerSongwriter,0,0,0,0,0,0,0,0,0,0,0,0,0,0,0
1001,1962,Ska,0,0,0,0,0,0,0,0,0,0,0,0,0,0,0
1001,1962,Soul,0,0,0,0,0,0,0,0,0,0,0,0,0,0,0
1001,1962,SunshinePop,0,0,0,0,0,0,0,0,0,0,0,0,0,0,0
1001,1962,SurfRock,0,0,0,0,0,0,0,0,0,0,0,0,0,0,0
1001,1962,TeenPop,0,0,0,0,0,0,0,0,0,0,0,0,0,0,0
1001,1962,TexMex,0,0,0,0,0,0,0,0,0,0,0,0,0,0,0
1001,1962,TraditionalPop,0,0,0,0,0,0,0,0,0,0,0,0,0,0,0
1001,1963,AcidRock,0,0,0,0,0,0,0,0,0,0,0,0,0,0,0
1001,1963,BaroquePop,0,0,0,0,0,0,0,0,0,0,0,0,0,0,0
1001,1963,Blues,0,0,0,0,0,0,0,0,0,0,0,0,0,0,0
1001,1963,BluesRock,0,0,0,0,0,0,0,0,0,0,0,0,0,0,0
1001,1963,Boogaloo,0,0,0,0,0,0,0,0,0,0,0,0,0,0,0
1001,1963,BossaNova,0,0,0,0,0,0,0,0,0,0,0,0,0,0,0
1001,1963,BritishBeat,0,0,0,0,0,0,0,0,0,0,0,0,0,0,0
1001,1963,BritishBlues,0,0,0,0,0,0,0,0,0,0,0,0,0,0,0
1001,1963,BritishPop,0,0,0,0,0,0,0,0,0,0,0,0,0,0,0
1001,1963,Bubblegum,0,0,0,0,0,0,0,0,0,0,0,0,0,0,0
1001,1963,Childrens,0,0,0,0,0,0,0,0,0,0,0,0,0,0,0
1001,1963,Classical,0,0,0,0,0,0,0,0,0,0,0,0,0,0,0
1001,1963,Comedy,0,0,0,0,0,0,0,0,0,0,0,0,0,0,0
1001,1963,ContemporaryFolk,0,0,0,0,0,0,0,0,0,0,0,0,0,0,0
1001,1963,Country,0,0,0,0,0,0,0,0,0,0,0,0,0,0,0
1001,1963,CountryRock,0,0,0,0,0,0,0,0,0,0,0,0,0,0,0
1001,1963,DooWop,0,0,0,0,0,0,0,0,0,0,0,0,0,0,0
1001,1963,EasyListening,0,0,0,0,0,0,0,0,0,0,0,0,0,0,0
1001,1963,Folk,0,0,0,0,0,0,0,0,0,0,0,0,0,0,0
1001,1963,FolkRock,0,0,0,0,0,0,0,0,0,0,0,0,0,0,0
1001,1963,Funk,0,0,0,0,0,0,0,0,0,0,0,0,0,0,0
1001,1963,GarageRock,0,0,0,0,0,0,0,0,0,0,0,0,0,0,0
1001,1963,Gospel,0,0,0,0,0,0,0,0,0,0,0,0,0,0,0
1001,1963,HardRock,0,0,0,0,0,0,0,0,0,0,0,0,0,0,0
1001,1963,Jazz,0,0,0,0,0,0,0,0,0,0,0,0,0,0,0
1001,1963,LatinPop,0,0,0,0,0,0,0,0,0,0,0,0,0,0,0
1001,1963,ProgressiveRock,0,0,0,0,0,0,0,0,0,0,0,0,0,0,0
1001,1963,ProtoMetal,0,0,0,0,0,0,0,0,0,0,0,0,0,0,0
1001,1963,ProtoPunk,0,0,0,0,0,0,0,0,0,0,0,0,0,0,0
1001,1963,PsychedelicRock,0,0,0,0,0,0,0,0,0,0,0,0,0,0,0
1001,1963,Reggae,0,0,0,0,0,0,0,0,0,0,0,0,0,0,0
1001,1963,RnB,0,0,0,0,0,0,0,0,0,0,0,0,0,0,0
1001,1963,RockAndRoll,0,0,0,0,0,0,0,0,0,0,0,0,0,0,0
1001,1963,Rocksteady,0,0,0,0,0,0,0,0,0,0,0,0,0,0,0
1001,1963,SingerSongwriter,0,0,0,0,0,0,0,0,0,0,0,0,0,0,0
1001,1963,Ska,0,0,0,0,0,0,0,0,0,0,0,0,0,0,0
1001,1963,Soul,0,0,0,0,0,0,0,0,0,0,0,0,0,0,0
1001,1963,SunshinePop,0,0,0,0,0,0,0,0,0,0,0,0,0,0,0
1001,1963,SurfRock,0,0,0,0,0,0,0,0,0,0,0,0,0,0,0
1001,1963,TeenPop,0,0,0,0,0,0,0,0,0,0,0,0,0,0,0
1001,1963,TexMex,0,0,0,0,0,0,0,0,0,0,0,0,0,0,0
1001,1963,TraditionalPop,0,0,0,0,0,0,0,0,0,0,0,0,0,0,0
1001,1964,AcidRock,0,0,0,0,0,0,0,0,0,0,0,0,0,0,0
1001,1964,BaroquePop,0,0,0,0,0,0,0,0,0,0,0,0,0,0,0
1001,1964,Blues,0,0,0,0,0,0,0,0,0,0,0,0,0,0,0
1001,1964,BluesRock,0,0,0,0,0,0,0,0,0,0,0,0,0,0,0
1001,1964,Boogaloo,0,0,0,0,0,0,0,0,0,0,0,0,0,0,0
1001,1964,BossaNova,0,0,0,0,0,0,0,0,0,0,0,0,0,0,0
1001,1964,BritishBeat,0,0,0,0,0,0,0,0,0,0,0,0,0,0,0
1001,1964,BritishBlues,0,0,0,0,0,0,0,0,0,0,0,0,0,0,0
1001,1964,BritishPop,0,0,0,0,0,0,0,0,0,0,0,0,0,0,0
1001,1964,Bubblegum,0,0,0,0,0,0,0,0,0,0,0,0,0,0,0
1001,1964,Childrens,0,0,0,0,0,0,0,0,0,0,0,0,0,0,0
1001,1964,Classical,0,0,0,0,0,0,0,0,0,0,0,0,0,0,0
1001,1964,Comedy,0,0,0,0,0,0,0,0,0,0,0,0,0,0,0
1001,1964,ContemporaryFolk,0,0,0,0,0,0,0,0,0,0,0,0,0,0,0
1001,1964,Country,0,0,0,0,0,0,0,0,0,0,0,0,0,0,0
1001,1964,CountryRock,0,0,0,0,0,0,0,0,0,0,0,0,0,0,0
1001,1964,DooWop,0,0,0,0,0,0,0,0,0,0,0,0,0,0,0
1001,1964,EasyListening,0,0,0,0,0,0,0,0,0,0,0,0,0,0,0
1001,1964,Folk,0,0,0,0,0,0,0,0,0,0,0,0,0,0,0
1001,1964,FolkRock,0,0,0,0,0,0,0,0,0,0,0,0,0,0,0
1001,1964,Funk,0,0,0,0,0,0,0,0,0,0,0,0,0,0,0
1001,1964,GarageRock,0,0,0,0,0,0,0,0,0,0,0,0,0,0,0
1001,1964,Gospel,0,0,0,0,0,0,0,0,0,0,0,0,0,0,0
1001,1964,HardRock,0,0,0,0,0,0,0,0,0,0,0,0,0,0,0
1001,1964,Jazz,0,0,0,0,0,0,0,0,0,0,0,0,0,0,0
1001,1964,LatinPop,0,0,0,0,0,0,0,0,0,0,0,0,0,0,0
1001,1964,ProgressiveRock,0,0,0,0,0,0,0,0,0,0,0,0,0,0,0
1001,1964,ProtoMetal,0,0,0,0,0,0,0,0,0,0,0,0,0,0,0
1001,1964,ProtoPunk,0,0,0,0,0,0,0,0,0,0,0,0,0,0,0
1001,1964,PsychedelicRock,0,0,0,0,0,0,0,0,0,0,0,0,0,0,0
1001,1964,Reggae,0,0,0,0,0,0,0,0,0,0,0,0,0,0,0
1001,1964,RnB,0,0,0,0,0,0,0,0,0,0,0,0,0,0,0
1001,1964,RockAndRoll,0,0,0,0,0,0,0,0,0,0,0,0,0,0,0
1001,1964,Rocksteady,0,0,0,0,0,0,0,0,0,0,0,0,0,0,0
1001,1964,SingerSongwriter,0,0,0,0,0,0,0,0,0,0,0,0,0,0,0
1001,1964,Ska,0,0,0,0,0,0,0,0,0,0,0,0,0,0,0
1001,1964,Soul,0,0,0,0,0,0,0,0,0,0,0,0,0,0,0
1001,1964,SunshinePop,0,0,0,0,0,0,0,0,0,0,0,0,0,0,0
1001,1964,SurfRock,0,0,0,0,0,0,0,0,0,0,0,0,0,0,0
1001,1964,TeenPop,0,0,0,0,0,0,0,0,0,0,0,0,0,0,0
1001,1964,TexMex,0,0,0,0,0,0,0,0,0,0,0,0,0,0,0
1001,1964,TraditionalPop,0,0,0,0,0,0,0,0,0,0,0,0,0,0,0
1001,1965,AcidRock,0,0,0,0,0,0,0,0,0,0,0,0,0,0,0
1001,1965,BaroquePop,0,0,0,0,0,0,0,0,0,0,0,0,0,0,0
1001,1965,Blues,0,0,0,0,0,0,0,0,0,0,0,0,0,0,0
1001,1965,BluesRock,0,0,0,0,0,0,0,0,0,0,0,0,0,0,0
1001,1965,Boogaloo,0,0,0,0,0,0,0,0,0,0,0,0,0,0,0
1001,1965,BossaNova,0,0,0,0,0,0,0,0,0,0,0,0,0,0,0
1001,1965,BritishBeat,0,0,0,0,0,0,0,0,0,0,0,0,0,0,0
1001,1965,BritishBlues,0,0,0,0,0,0,0,0,0,0,0,0,0,0,0
1001,1965,BritishPop,0,0,0,0,0,0,0,0,0,0,0,0,0,0,0
1001,1965,Bubblegum,0,0,0,0,0,0,0,0,0,0,0,0,0,0,0
1001,1965,Childrens,0,0,0,0,0,0,0,0,0,0,0,0,0,0,0
1001,1965,Classical,0,0,0,0,0,0,0,0,0,0,0,0,0,0,0
1001,1965,Comedy,0,0,0,0,0,0,0,0,0,0,0,0,0,0,0
1001,1965,ContemporaryFolk,0,0,0,0,0,0,0,0,0,0,0,0,0,0,0
1001,1965,Country,0,0,0,0,0,0,0,0,0,0,0,0,0,0,0
1001,1965,CountryRock,0,0,0,0,0,0,0,0,0,0,0,0,0,0,0
1001,1965,DooWop,0,0,0,0,0,0,0,0,0,0,0,0,0,0,0
1001,1965,EasyListening,0,0,0,0,0,0,0,0,0,0,0,0,0,0,0
1001,1965,Folk,0,0,0,0,0,0,0,0,0,0,0,0,0,0,0
1001,1965,FolkRock,0,0,0,0,0,0,0,0,0,0,0,0,0,0,0
1001,1965,Funk,0,0,0,0,0,0,0,0,0,0,0,0,0,0,0
1001,1965,GarageRock,0,0,0,0,0,0,0,0,0,0,0,0,0,0,0
1001,1965,Gospel,0,0,0,0,0,0,0,0,0,0,0,0,0,0,0
1001,1965,HardRock,0,0,0,0,0,0,0,0,0,0,0,0,0,0,0
1001,1965,Jazz,0,0,0,0,0,0,0,0,0,0,0,0,0,0,0
1001,1965,LatinPop,0,0,0,0,0,0,0,0,0,0,0,0,0,0,0
1001,1965,ProgressiveRock,0,0,0,0,0,0,0,0,0,0,0,0,0,0,0
1001,1965,ProtoMetal,0,0,0,0,0,0,0,0,0,0,0,0,0,0,0
1001,1965,ProtoPunk,0,0,0,0,0,0,0,0,0,0,0,0,0,0,0
1001,1965,PsychedelicRock,0,0,0,0,0,0,0,0,0,0,0,0,0,0,0
1001,1965,Reggae,0,0,0,0,0,0,0,0,0,0,0,0,0,0,0
1001,1965,RnB,0,0,0,0,0,0,0,0,0,0,0,0,0,0,0
1001,1965,RockAndRoll,0,0,0,0,0,0,0,0,0,0,0,0,0,0,0
1001,1965,Rocksteady,0,0,0,0,0,0,0,0,0,0,0,0,0,0,0
1001,1965,SingerSongwriter,0,0,0,0,0,0,0,0,0,0,0,0,0,0,0
1001,1965,Ska,0,0,0,0,0,0,0,0,0,0,0,0,0,0,0
1001,1965,Soul,0,0,0,0,0,0,0,0,0,0,0,0,0,0,0
1001,1965,SunshinePop,0,0,0,0,0,0,0,0,0,0,0,0,0,0,0
1001,1965,SurfRock,0,0,0,0,0,0,0,0,0,0,0,0,0,0,0
1001,1965,TeenPop,0,0,0,0,0,0,0,0,0,0,0,0,0,0,0
1001,1965,TexMex,0,0,0,0,0,0,0,0,0,0,0,0,0,0,0
1001,1965,TraditionalPop,0,0,0,0,0,0,0,0,0,0,0,0,0,0,0
1001,1966,AcidRock,0,0,0,0,0,0,0,0,0,0,0,0,0,0,0
1001,1966,BaroquePop,0,0,0,0,0,0,0,0,0,0,0,0,0,0,0
1001,1966,Blues,0,0,0,0,0,0,0,0,0,0,0,0,0,0,0
1001,1966,BluesRock,0,0,0,0,0,0,0,0,0,0,0,0,0,0,0
1001,1966,Boogaloo,0,0,0,0,0,0,0,0,0,0,0,0,0,0,0
1001,1966,BossaNova,0,0,0,0,0,0,0,0,0,0,0,0,0,0,0
1001,1966,BritishBeat,0,0,0,0,0,0,0,0,0,0,0,0,0,0,0
1001,1966,BritishBlues,0,0,0,0,0,0,0,0,0,0,0,0,0,0,0
1001,1966,BritishPop,0,0,0,0,0,0,0,0,0,0,0,0,0,0,0
1001,1966,Bubblegum,0,0,0,0,0,0,0,0,0,0,0,0,0,0,0
1001,1966,Childrens,0,0,0,0,0,0,0,0,0,0,0,0,0,0,0
1001,1966,Classical,0,0,0,0,0,0,0,0,0,0,0,0,0,0,0
1001,1966,Comedy,0,0,0,0,0,0,0,0,0,0,0,0,0,0,0
1001,1966,ContemporaryFolk,0,0,0,0,0,0,0,0,0,0,0,0,0,0,0
1001,1966,Country,0,0,0,0,0,0,0,0,0,0,0,0,0,0,0
1001,1966,CountryRock,0,0,0,0,0,0,0,0,0,0,0,0,0,0,0
1001,1966,DooWop,0,0,0,0,0,0,0,0,0,0,0,0,0,0,0
1001,1966,EasyListening,0,0,0,0,0,0,0,0,0,0,0,0,0,0,0
1001,1966,Folk,0,0,0,0,0,0,0,0,0,0,0,0,0,0,0
1001,1966,FolkRock,0,0,0,0,0,0,0,0,0,0,0,0,0,0,0
1001,1966,Funk,0,0,0,0,0,0,0,0,0,0,0,0,0,0,0
1001,1966,GarageRock,0,0,0,0,0,0,0,0,0,0,0,0,0,0,0
1001,1966,Gospel,0,0,0,0,0,0,0,0,0,0,0,0,0,0,0
1001,1966,HardRock,0,0,0,0,0,0,0,0,0,0,0,0,0,0,0
1001,1966,Jazz,0,0,0,0,0,0,0,0,0,0,0,0,0,0,0
1001,1966,LatinPop,0,0,0,0,0,0,0,0,0,0,0,0,0,0,0
1001,1966,ProgressiveRock,0,0,0,0,0,0,0,0,0,0,0,0,0,0,0
1001,1966,ProtoMetal,0,0,0,0,0,0,0,0,0,0,0,0,0,0,0
1001,1966,ProtoPunk,0,0,0,0,0,0,0,0,0,0,0,0,0,0,0
1001,1966,PsychedelicRock,0,0,0,0,0,0,0,0,0,0,0,0,0,0,0
1001,1966,Reggae,0,0,0,0,0,0,0,0,0,0,0,0,0,0,0
1001,1966,RnB,0,0,0,0,0,0,0,0,0,0,0,0,0,0,0
1001,1966,RockAndRoll,0,0,0,0,0,0,0,0,0,0,0,0,0,0,0
1001,1966,Rocksteady,0,0,0,0,0,0,0,0,0,0,0,0,0,0,0
1001,1966,SingerSongwriter,0,0,0,0,0,0,0,0,0,0,0,0,0,0,0
1001,1966,Ska,0,0,0,0,0,0,0,0,0,0,0,0,0,0,0
1001,1966,Soul,0,0,0,0,0,0,0,0,0,0,0,0,0,0,0
1001,1966,SunshinePop,0,0,0,0,0,0,0,0,0,0,0,0,0,0,0
1001,1966,SurfRock,0,0,0,0,0,0,0,0,0,0,0,0,0,0,0
1001,1966,TeenPop,0,0,0,0,0,0,0,0,0,0,0,0,0,0,0
1001,1966,TexMex,0,0,0,0,0,0,0,0,0,0,0,0,0,0,0
1001,1966,TraditionalPop,0,0,0,0,0,0,0,0,0,0,0,0,0,0,0
1001,1967,AcidRock,0,0,0,0,0,0,0,0,0,0,0,0,0,0,0
1001,1967,BaroquePop,0,0,0,0,0,0,0,0,0,0,0,0,0,0,0
1001,1967,Blues,0,0,0,0,0,0,0,0,0,0,0,0,0,0,0
1001,1967,BluesRock,0,0,0,0,0,0,0,0,0,0,0,0,0,0,0
1001,1967,Boogaloo,0,0,0,0,0,0,0,0,0,0,0,0,0,0,0
1001,1967,BossaNova,0,0,0,0,0,0,0,0,0,0,0,0,0,0,0
1001,1967,BritishBeat,0,0,0,0,0,0,0,0,0,0,0,0,0,0,0
1001,1967,BritishBlues,0,0,0,0,0,0,0,0,0,0,0,0,0,0,0
1001,1967,BritishPop,0,0,0,0,0,0,0,0,0,0,0,0,0,0,0
1001,1967,Bubblegum,0,0,0,0,0,0,0,0,0,0,0,0,0,0,0
1001,1967,Childrens,0,0,0,0,0,0,0,0,0,0,0,0,0,0,0
1001,1967,Classical,0,0,0,0,0,0,0,0,0,0,0,0,0,0,0
1001,1967,Comedy,0,0,0,0,0,0,0,0,0,0,0,0,0,0,0
1001,1967,ContemporaryFolk,0,0,0,0,0,0,0,0,0,0,0,0,0,0,0
1001,1967,Country,0,0,0,0,0,0,0,0,0,0,0,0,0,0,0
1001,1967,CountryRock,0,0,0,0,0,0,0,0,0,0,0,0,0,0,0
1001,1967,DooWop,0,0,0,0,0,0,0,0,0,0,0,0,0,0,0
1001,1967,EasyListening,0,0,0,0,0,0,0,0,0,0,0,0,0,0,0
1001,1967,Folk,0,0,0,0,0,0,0,0,0,0,0,0,0,0,0
1001,1967,FolkRock,0,0,0,0,0,0,0,0,0,0,0,0,0,0,0
1001,1967,Funk,0,0,0,0,0,0,0,0,0,0,0,0,0,0,0
1001,1967,GarageRock,0,0,0,0,0,0,0,0,0,0,0,0,0,0,0
1001,1967,Gospel,0,0,0,0,0,0,0,0,0,0,0,0,0,0,0
1001,1967,HardRock,0,0,0,0,0,0,0,0,0,0,0,0,0,0,0
1001,1967,Jazz,0,0,0,0,0,0,0,0,0,0,0,0,0,0,0
1001,1967,LatinPop,0,0,0,0,0,0,0,0,0,0,0,0,0,0,0
1001,1967,ProgressiveRock,0,0,0,0,0,0,0,0,0,0,0,0,0,0,0
1001,1967,ProtoMetal,0,0,0,0,0,0,0,0,0,0,0,0,0,0,0
1001,1967,ProtoPunk,0,0,0,0,0,0,0,0,0,0,0,0,0,0,0
1001,1967,PsychedelicRock,0,0,0,0,0,0,0,0,0,0,0,0,0,0,0
1001,1967,Reggae,0,0,0,0,0,0,0,0,0,0,0,0,0,0,0
1001,1967,RnB,0,0,0,0,0,0,0,0,0,0,0,0,0,0,0
1001,1967,RockAndRoll,0,0,0,0,0,0,0,0,0,0,0,0,0,0,0
1001,1967,Rocksteady,0,0,0,0,0,0,0,0,0,0,0,0,0,0,0
1001,1967,SingerSongwriter,0,0,0,0,0,0,0,0,0,0,0,0,0,0,0
1001,1967,Ska,0,0,0,0,0,0,0,0,0,0,0,0,0,0,0
1001,1967,Soul,0,0,0,0,0,0,0,0,0,0,0,0,0,0,0
1001,1967,SunshinePop,0,0,0,0,0,0,0,0,0,0,0,0,0,0,0
1001,1967,SurfRock,0,0,0,0,0,0,0,0,0,0,0,0,0,0,0
1001,1967,TeenPop,0,0,0,0,0,0,0,0,0,0,0,0,0,0,0
1001,1967,TexMex,0,0,0,0,0,0,0,0,0,0,0,0,0,0,0
1001,1967,TraditionalPop,0,0,0,0,0,0,0,0,0,0,0,0,0,0,0
1001,1968,AcidRock,0,0,0,0,0,0,0,0,0,0,0,0,0,0,0
1001,1968,BaroquePop,0,0,0,0,0,0,0,0,0,0,0,0,0,0,0
1001,1968,Blues,0,0,0,0,0,0,0,0,0,0,0,0,0,0,0
1001,1968,BluesRock,0,0,0,0,0,0,0,0,0,0,0,0,0,0,0
1001,1968,Boogaloo,0,0,0,0,0,0,0,0,0,0,0,0,0,0,0
1001,1968,BossaNova,0,0,0,0,0,0,0,0,0,0,0,0,0,0,0
1001,1968,BritishBeat,0,0,0,0,0,0,0,0,0,0,0,0,0,0,0
1001,1968,BritishBlues,0,0,0,0,0,0,0,0,0,0,0,0,0,0,0
1001,1968,BritishPop,0,0,0,0,0,0,0,0,0,0,0,0,0,0,0
1001,1968,Bubblegum,0,0,0,0,0,0,0,0,0,0,0,0,0,0,0
1001,1968,Childrens,0,0,0,0,0,0,0,0,0,0,0,0,0,0,0
1001,1968,Classical,0,0,0,0,0,0,0,0,0,0,0,0,0,0,0
1001,1968,Comedy,0,0,0,0,0,0,0,0,0,0,0,0,0,0,0
1001,1968,ContemporaryFolk,0,0,0,0,0,0,0,0,0,0,0,0,0,0,0
1001,1968,Country,0,0,0,0,0,0,0,0,0,0,0,0,0,0,0
1001,1968,CountryRock,0,0,0,0,0,0,0,0,0,0,0,0,0,0,0
1001,1968,DooWop,0,0,0,0,0,0,0,0,0,0,0,0,0,0,0
1001,1968,EasyListening,0,0,0,0,0,0,0,0,0,0,0,0,0,0,0
1001,1968,Folk,0,0,0,0,0,0,0,0,0,0,0,0,0,0,0
1001,1968,FolkRock,0,0,0,0,0,0,0,0,0,0,0,0,0,0,0
1001,1968,Funk,0,0,0,0,0,0,0,0,0,0,0,0,0,0,0
1001,1968,GarageRock,0,0,0,0,0,0,0,0,0,0,0,0,0,0,0
1001,1968,Gospel,0,0,0,0,0,0,0,0,0,0,0,0,0,0,0
1001,1968,HardRock,0,0,0,0,0,0,0,0,0,0,0,0,0,0,0
1001,1968,Jazz,0,0,0,0,0,0,0,0,0,0,0,0,0,0,0
1001,1968,LatinPop,0,0,0,0,0,0,0,0,0,0,0,0,0,0,0
1001,1968,ProgressiveRock,0,0,0,0,0,0,0,0,0,0,0,0,0,0,0
1001,1968,ProtoMetal,0,0,0,0,0,0,0,0,0,0,0,0,0,0,0
1001,1968,ProtoPunk,0,0,0,0,0,0,0,0,0,0,0,0,0,0,0
1001,1968,PsychedelicRock,0,0,0,0,0,0,0,0,0,0,0,0,0,0,0
1001,1968,Reggae,0,0,0,0,0,0,0,0,0,0,0,0,0,0,0
1001,1968,RnB,0,0,0,0,0,0,0,0,0,0,0,0,0,0,0
1001,1968,RockAndRoll,0,0,0,0,0,0,0,0,0,0,0,0,0,0,0
1001,1968,Rocksteady,0,0,0,0,0,0,0,0,0,0,0,0,0,0,0
1001,1968,SingerSongwriter,0,0,0,0,0,0,0,0,0,0,0,0,0,0,0
1001,1968,Ska,0,0,0,0,0,0,0,0,0,0,0,0,0,0,0
1001,1968,Soul,0,0,0,0,0,0,0,0,0,0,0,0,0,0,0
1001,1968,SunshinePop,0,0,0,0,0,0,0,0,0,0,0,0,0,0,0
1001,1968,SurfRock,0,0,0,0,0,0,0,0,0,0,0,0,0,0,0
1001,1968,TeenPop,0,0,0,0,0,0,0,0,0,0,0,0,0,0,0
1001,1968,TexMex,0,0,0,0,0,0,0,0,0,0,0,0,0,0,0
1001,1968,TraditionalPop,0,0,0,0,0,0,0,0,0,0,0,0,0,0,0
1001,1969,AcidRock,0,0,0,0,0,0,0,0,0,0,0,0,0,0,0
1001,1969,BaroquePop,0,0,0,0,0,0,0,0,0,0,0,0,0,0,0
1001,1969,Blues,0,0,0,0,0,0,0,0,0,0,0,0,0,0,0
1001,1969,BluesRock,0,0,0,0,0,0,0,0,0,0,0,0,0,0,0
1001,1969,Boogaloo,0,0,0,0,0,0,0,0,0,0,0,0,0,0,0
1001,1969,BossaNova,0,0,0,0,0,0,0,0,0,0,0,0,0,0,0
1001,1969,BritishBeat,0,0,0,0,0,0,0,0,0,0,0,0,0,0,0
1001,1969,BritishBlues,0,0,0,0,0,0,0,0,0,0,0,0,0,0,0
1001,1969,BritishPop,0,0,0,0,0,0,0,0,0,0,0,0,0,0,0
1001,1969,Bubblegum,0,0,0,0,0,0,0,0,0,0,0,0,0,0,0
1001,1969,Childrens,0,0,0,0,0,0,0,0,0,0,0,0,0,0,0
1001,1969,Classical,0,0,0,0,0,0,0,0,0,0,0,0,0,0,0
1001,1969,Comedy,0,0,0,0,0,0,0,0,0,0,0,0,0,0,0
1001,1969,ContemporaryFolk,0,0,0,0,0,0,0,0,0,0,0,0,0,0,0
1001,1969,Country,0,0,0,0,0,0,0,0,0,0,0,0,0,0,0
1001,1969,CountryRock,0,0,0,0,0,0,0,0,0,0,0,0,0,0,0
1001,1969,DooWop,0,0,0,0,0,0,0,0,0,0,0,0,0,0,0
1001,1969,EasyListening,0,0,0,0,0,0,0,0,0,0,0,0,0,0,0
1001,1969,Folk,0,0,0,0,0,0,0,0,0,0,0,0,0,0,0
1001,1969,FolkRock,0,0,0,0,0,0,0,0,0,0,0,0,0,0,0
1001,1969,Funk,0,0,0,0,0,0,0,0,0,0,0,0,0,0,0
1001,1969,GarageRock,0,0,0,0,0,0,0,0,0,0,0,0,0,0,0
1001,1969,Gospel,0,0,0,0,0,0,0,0,0,0,0,0,0,0,0
1001,1969,HardRock,0,0,0,0,0,0,0,0,0,0,0,0,0,0,0
1001,1969,Jazz,0,0,0,0,0,0,0,0,0,0,0,0,0,0,0
1001,1969,LatinPop,0,0,0,0,0,0,0,0,0,0,0,0,0,0,0
1001,1969,ProgressiveRock,0,0,0,0,0,0,0,0,0,0,0,0,0,0,0
1001,1969,ProtoMetal,0,0,0,0,0,0,0,0,0,0,0,0,0,0,0
1001,1969,ProtoPunk,0,0,0,0,0,0,0,0,0,0,0,0,0,0,0
1001,1969,PsychedelicRock,0,0,0,0,0,0,0,0,0,0,0,0,0,0,0
1001,1969,Reggae,0,0,0,0,0,0,0,0,0,0,0,0,0,0,0
1001,1969,RnB,0,0,0,0,0,0,0,0,0,0,0,0,0,0,0
1001,1969,RockAndRoll,0,0,0,0,0,0,0,0,0,0,0,0,0,0,0
1001,1969,Rocksteady,0,0,0,0,0,0,0,0,0,0,0,0,0,0,0
1001,1969,SingerSongwriter,0,0,0,0,0,0,0,0,0,0,0,0,0,0,0
1001,1969,Ska,0,0,0,0,0,0,0,0,0,0,0,0,0,0,0
1001,1969,Soul,0,0,0,0,0,0,0,0,0,0,0,0,0,0,0
1001,1969,SunshinePop,0,0,0,0,0,0,0,0,0,0,0,0,0,0,0
1001,1969,SurfRock,0,0,0,0,0,0,0,0,0,0,0,0,0,0,0
1001,1969,TeenPop,0,0,0,0,0,0,0,0,0,0,0,0,0,0,0
1001,1969,TexMex,0,0,0,0,0,0,0,0,0,0,0,0,0,0,0
1001,1969,TraditionalPop,0,0,0,0,0,0,0,0,0,0,0,0,0,0,0
