seed,year,fromGenre,toGenre,selectionMode,opportunities,unavailableIdentity,annualFloorRequested,annualFloorReroutes
1001,1960,Blues,Blues,Retained,128,0,0,0
1001,1960,Blues,Blues,WeightedTransition,8,0,0,0
1001,1960,Blues,Classical,WeightedTransition,1,0,0,0
1001,1960,Blues,Country,WeightedTransition,2,0,0,0
1001,1960,Blues,DooWop,WeightedTransition,3,0,0,0
1001,1960,Blues,EasyListening,WeightedTransition,3,0,0,0
1001,1960,Blues,Folk,WeightedTransition,1,0,0,0
1001,1960,Blues,Gospel,WeightedTransition,1,0,0,0
1001,1960,Blues,Jazz,WeightedTransition,2,0,0,0
1001,1960,Blues,RnB,WeightedTransition,6,0,0,0
1001,1960,Blues,RockAndRoll,WeightedTransition,11,0,0,0
1001,1960,Blues,Soul,WeightedTransition,2,0,0,0
1001,1960,Blues,TeenPop,WeightedTransition,1,0,0,0
1001,1960,Blues,TexMex,WeightedTransition,1,0,0,0
1001,1960,Blues,TraditionalPop,WeightedTransition,1,0,0,0
1001,1960,Childrens,Blues,WeightedTransition,1,0,0,0
1001,1960,Childrens,Childrens,Retained,29,0,0,0
1001,1960,Childrens,Comedy,WeightedTransition,1,0,0,0
1001,1960,Childrens,Country,WeightedTransition,1,0,0,0
1001,1960,Childrens,DooWop,WeightedTransition,1,0,0,0
1001,1960,Childrens,Folk,WeightedTransition,1,0,0,0
1001,1960,Childrens,TeenPop,WeightedTransition,1,0,0,0
1001,1960,Classical,Classical,Retained,113,0,0,0
1001,1960,Classical,Classical,WeightedTransition,3,0,0,0
1001,1960,Classical,Comedy,WeightedTransition,1,0,0,0
1001,1960,Classical,EasyListening,WeightedTransition,4,0,0,0
1001,1960,Classical,Jazz,WeightedTransition,1,0,0,0
1001,1960,Classical,RnB,WeightedTransition,1,0,0,0
1001,1960,Classical,RockAndRoll,WeightedTransition,1,0,0,0
1001,1960,Classical,Soul,WeightedTransition,1,0,0,0
1001,1960,Classical,TeenPop,WeightedTransition,3,0,0,0
1001,1960,Classical,TraditionalPop,WeightedTransition,6,0,0,0
1001,1960,Comedy,Blues,WeightedTransition,2,0,0,0
1001,1960,Comedy,Childrens,WeightedTransition,1,0,0,0
1001,1960,Comedy,Comedy,Retained,27,0,0,0
1001,1960,Comedy,Comedy,WeightedTransition,1,0,0,0
1001,1960,Comedy,Country,WeightedTransition,1,0,0,0
1001,1960,Comedy,DooWop,WeightedTransition,3,0,0,0
1001,1960,Comedy,EasyListening,WeightedTransition,1,0,0,0
1001,1960,Comedy,RnB,WeightedTransition,1,0,0,0
1001,1960,Comedy,RockAndRoll,WeightedTransition,2,0,0,0
1001,1960,Comedy,TeenPop,WeightedTransition,1,0,0,0
1001,1960,Comedy,TraditionalPop,WeightedTransition,2,0,0,0
1001,1960,Country,Childrens,AnnualFloor,1,0,1,0
1001,1960,Country,Childrens,WeightedTransition,1,0,0,0
1001,1960,Country,Classical,AnnualFloor,1,0,1,0
1001,1960,Country,Classical,WeightedTransition,1,0,0,0
1001,1960,Country,Comedy,AnnualFloor,1,0,1,0
1001,1960,Country,Comedy,WeightedTransition,1,0,0,0
1001,1960,Country,Country,AnnualFloor,1,0,1,0
1001,1960,Country,Country,Retained,271,0,0,0
1001,1960,Country,Country,WeightedTransition,44,0,0,0
1001,1960,Country,DooWop,WeightedTransition,5,0,0,0
1001,1960,Country,EasyListening,WeightedTransition,2,0,0,0
1001,1960,Country,Folk,AnnualFloor,2,0,2,0
1001,1960,Country,Folk,WeightedTransition,16,0,0,0
1001,1960,Country,Gospel,WeightedTransition,3,0,0,0
1001,1960,Country,LatinPop,WeightedTransition,2,0,0,0
1001,1960,Country,RnB,WeightedTransition,2,0,0,0
1001,1960,Country,RockAndRoll,WeightedTransition,3,0,0,0
1001,1960,Country,Soul,AnnualFloor,1,0,1,0
1001,1960,Country,Soul,WeightedTransition,1,0,0,0
1001,1960,Country,TeenPop,WeightedTransition,4,0,0,0
1001,1960,Country,TexMex,WeightedTransition,1,0,0,0
1001,1960,Country,TraditionalPop,WeightedTransition,2,0,0,0
1001,1960,DooWop,Blues,WeightedTransition,2,0,0,0
1001,1960,DooWop,Childrens,AnnualFloor,1,0,1,0
1001,1960,DooWop,Classical,WeightedTransition,2,0,0,0
1001,1960,DooWop,DooWop,Retained,166,0,0,0
1001,1960,DooWop,DooWop,WeightedTransition,19,0,0,0
1001,1960,DooWop,EasyListening,WeightedTransition,1,0,0,0
1001,1960,DooWop,Folk,WeightedTransition,2,0,0,0
1001,1960,DooWop,Gospel,WeightedTransition,1,0,0,0
1001,1960,DooWop,RnB,WeightedTransition,6,0,0,0
1001,1960,DooWop,Soul,WeightedTransition,1,0,0,0
1001,1960,EasyListening,Blues,WeightedTransition,2,0,0,0
1001,1960,EasyListening,Country,WeightedTransition,1,0,0,0
1001,1960,EasyListening,DooWop,WeightedTransition,1,0,0,0
1001,1960,EasyListening,EasyListening,Retained,184,0,0,0
1001,1960,EasyListening,EasyListening,WeightedTransition,9,0,0,0
1001,1960,EasyListening,Gospel,WeightedTransition,1,0,0,0
1001,1960,EasyListening,Jazz,WeightedTransition,3,0,0,0
1001,1960,EasyListening,RnB,WeightedTransition,1,0,0,0
1001,1960,EasyListening,RockAndRoll,WeightedTransition,2,0,0,0
1001,1960,EasyListening,TeenPop,WeightedTransition,7,0,0,0
1001,1960,EasyListening,TraditionalPop,WeightedTransition,10,0,0,0
1001,1960,Folk,Blues,WeightedTransition,3,0,0,0
1001,1960,Folk,Childrens,WeightedTransition,2,0,0,0
1001,1960,Folk,Comedy,AnnualFloor,1,0,1,0
1001,1960,Folk,Comedy,WeightedTransition,1,0,0,0
1001,1960,Folk,Country,AnnualFloor,1,0,1,0
1001,1960,Folk,Country,WeightedTransition,5,0,0,0
1001,1960,Folk,DooWop,WeightedTransition,4,0,0,0
1001,1960,Folk,EasyListening,AnnualFloor,1,0,1,0
1001,1960,Folk,EasyListening,WeightedTransition,5,0,0,0
1001,1960,Folk,Folk,AnnualFloor,1,0,1,0
1001,1960,Folk,Folk,Retained,150,0,0,0
1001,1960,Folk,Folk,WeightedTransition,33,0,0,0
1001,1960,Folk,Gospel,WeightedTransition,2,0,0,0
1001,1960,Folk,Jazz,WeightedTransition,2,0,0,0
1001,1960,Folk,LatinPop,WeightedTransition,1,0,0,0
1001,1960,Folk,RnB,WeightedTransition,1,0,0,0
1001,1960,Folk,RockAndRoll,WeightedTransition,3,0,0,0
1001,1960,Folk,TeenPop,WeightedTransition,5,0,0,0
1001,1960,Folk,TexMex,AnnualFloor,1,0,1,0
1001,1960,Folk,TexMex,WeightedTransition,1,0,0,0
1001,1960,Folk,TraditionalPop,WeightedTransition,5,0,0,0
1001,1960,Gospel,Childrens,WeightedTransition,2,0,0,0
1001,1960,Gospel,Classical,WeightedTransition,1,0,0,0
1001,1960,Gospel,Comedy,WeightedTransition,2,0,0,0
1001,1960,Gospel,Country,WeightedTransition,7,0,0,0
1001,1960,Gospel,DooWop,WeightedTransition,8,0,0,0
1001,1960,Gospel,EasyListening,WeightedTransition,1,0,0,0
1001,1960,Gospel,Folk,WeightedTransition,3,0,0,0
1001,1960,Gospel,Gospel,Retained,50,0,0,0
1001,1960,Gospel,Gospel,WeightedTransition,10,0,0,0
1001,1960,Gospel,RnB,WeightedTransition,4,0,0,0
1001,1960,Gospel,RockAndRoll,WeightedTransition,1,0,0,0
1001,1960,Gospel,Soul,WeightedTransition,3,0,0,0
1001,1960,Gospel,TeenPop,WeightedTransition,3,0,0,0
1001,1960,Jazz,Blues,WeightedTransition,1,0,0,0
1001,1960,Jazz,Country,WeightedTransition,3,0,0,0
1001,1960,Jazz,DooWop,AnnualFloor,1,0,1,0
1001,1960,Jazz,DooWop,WeightedTransition,2,0,0,0
1001,1960,Jazz,EasyListening,WeightedTransition,2,0,0,0
1001,1960,Jazz,Gospel,WeightedTransition,1,0,0,0
1001,1960,Jazz,Jazz,Retained,146,0,0,0
1001,1960,Jazz,Jazz,WeightedTransition,11,0,0,0
1001,1960,Jazz,RnB,WeightedTransition,1,0,0,0
1001,1960,Jazz,RockAndRoll,WeightedTransition,1,0,0,0
1001,1960,Jazz,Soul,WeightedTransition,1,0,0,0
1001,1960,Jazz,TeenPop,WeightedTransition,2,0,0,0
1001,1960,Jazz,TraditionalPop,AnnualFloor,1,0,1,0
1001,1960,Jazz,TraditionalPop,WeightedTransition,7,0,0,0
1001,1960,LatinPop,Childrens,WeightedTransition,2,0,0,0
1001,1960,LatinPop,Classical,WeightedTransition,1,0,0,0
1001,1960,LatinPop,Folk,WeightedTransition,2,0,0,0
1001,1960,LatinPop,Gospel,WeightedTransition,1,0,0,0
1001,1960,LatinPop,Jazz,WeightedTransition,1,0,0,0
1001,1960,LatinPop,LatinPop,Retained,26,0,0,0
1001,1960,LatinPop,LatinPop,WeightedTransition,1,0,0,0
1001,1960,LatinPop,RnB,WeightedTransition,1,0,0,0
1001,1960,LatinPop,RockAndRoll,WeightedTransition,1,0,0,0
1001,1960,LatinPop,TexMex,WeightedTransition,2,0,0,0
1001,1960,RnB,Blues,AnnualFloor,1,0,1,0
1001,1960,RnB,Blues,WeightedTransition,1,0,0,0
1001,1960,RnB,Childrens,WeightedTransition,2,0,0,0
1001,1960,RnB,Classical,WeightedTransition,5,0,0,0
1001,1960,RnB,Comedy,AnnualFloor,1,0,1,0
1001,1960,RnB,Comedy,WeightedTransition,6,0,0,0
1001,1960,RnB,Country,WeightedTransition,5,0,0,0
1001,1960,RnB,DooWop,AnnualFloor,1,0,1,0
1001,1960,RnB,DooWop,WeightedTransition,45,0,0,0
1001,1960,RnB,EasyListening,WeightedTransition,5,0,0,0
1001,1960,RnB,Folk,WeightedTransition,3,0,0,0
1001,1960,RnB,Gospel,AnnualFloor,1,0,1,0
1001,1960,RnB,Gospel,WeightedTransition,18,0,0,0
1001,1960,RnB,Jazz,WeightedTransition,2,0,0,0
1001,1960,RnB,LatinPop,AnnualFloor,1,0,1,0
1001,1960,RnB,LatinPop,WeightedTransition,1,0,0,0
1001,1960,RnB,RnB,AnnualFloor,2,0,2,0
1001,1960,RnB,RnB,Retained,421,0,0,0
1001,1960,RnB,RnB,WeightedTransition,56,0,0,0
1001,1960,RnB,RockAndRoll,WeightedTransition,9,0,0,0
1001,1960,RnB,Soul,WeightedTransition,8,0,0,0
1001,1960,RnB,TeenPop,AnnualFloor,1,0,1,0
1001,1960,RnB,TeenPop,WeightedTransition,8,0,0,0
1001,1960,RnB,TexMex,WeightedTransition,2,0,0,0
1001,1960,RnB,TraditionalPop,AnnualFloor,1,0,1,0
1001,1960,RnB,TraditionalPop,WeightedTransition,12,0,0,0
1001,1960,RockAndRoll,Blues,WeightedTransition,2,0,0,0
1001,1960,RockAndRoll,Childrens,WeightedTransition,4,0,0,0
1001,1960,RockAndRoll,Classical,WeightedTransition,2,0,0,0
1001,1960,RockAndRoll,Comedy,WeightedTransition,4,0,0,0
1001,1960,RockAndRoll,Country,AnnualFloor,1,0,1,0
1001,1960,RockAndRoll,Country,WeightedTransition,3,0,0,0
1001,1960,RockAndRoll,DooWop,AnnualFloor,1,0,1,0
1001,1960,RockAndRoll,DooWop,WeightedTransition,10,0,0,0
1001,1960,RockAndRoll,EasyListening,AnnualFloor,1,0,1,0
1001,1960,RockAndRoll,EasyListening,WeightedTransition,8,0,0,0
1001,1960,RockAndRoll,Folk,WeightedTransition,4,0,0,0
1001,1960,RockAndRoll,Gospel,WeightedTransition,2,0,0,0
1001,1960,RockAndRoll,Jazz,AnnualFloor,1,0,1,0
1001,1960,RockAndRoll,LatinPop,AnnualFloor,1,0,1,0
1001,1960,RockAndRoll,LatinPop,WeightedTransition,3,0,0,0
1001,1960,RockAndRoll,RnB,AnnualFloor,1,0,1,0
1001,1960,RockAndRoll,RnB,WeightedTransition,4,0,0,0
1001,1960,RockAndRoll,RockAndRoll,AnnualFloor,1,0,1,0
1001,1960,RockAndRoll,RockAndRoll,Retained,575,0,0,0
1001,1960,RockAndRoll,RockAndRoll,WeightedTransition,42,0,0,0
1001,1960,RockAndRoll,Soul,AnnualFloor,1,0,1,0
1001,1960,RockAndRoll,Soul,WeightedTransition,1,0,0,0
1001,1960,RockAndRoll,TeenPop,AnnualFloor,1,0,1,0
1001,1960,RockAndRoll,TeenPop,WeightedTransition,14,0,0,0
1001,1960,RockAndRoll,TexMex,AnnualFloor,2,0,2,0
1001,1960,RockAndRoll,TexMex,WeightedTransition,1,0,0,0
1001,1960,RockAndRoll,TraditionalPop,WeightedTransition,11,0,0,0
1001,1960,Soul,Blues,AnnualFloor,1,0,1,0
1001,1960,Soul,Blues,WeightedTransition,3,0,0,0
1001,1960,Soul,Childrens,AnnualFloor,1,0,1,0
1001,1960,Soul,Childrens,WeightedTransition,3,0,0,0
1001,1960,Soul,Classical,AnnualFloor,1,0,1,0
1001,1960,Soul,Classical,WeightedTransition,1,0,0,0
1001,1960,Soul,Country,WeightedTransition,5,0,0,0
1001,1960,Soul,DooWop,WeightedTransition,16,0,0,0
1001,1960,Soul,EasyListening,WeightedTransition,4,0,0,0
1001,1960,Soul,Folk,WeightedTransition,3,0,0,0
1001,1960,Soul,Gospel,AnnualFloor,2,0,2,0
1001,1960,Soul,Gospel,WeightedTransition,9,0,0,0
1001,1960,Soul,Jazz,WeightedTransition,2,0,0,0
1001,1960,Soul,LatinPop,WeightedTransition,1,0,0,0
1001,1960,Soul,RnB,WeightedTransition,13,0,0,0
1001,1960,Soul,RockAndRoll,AnnualFloor,2,0,2,0
1001,1960,Soul,RockAndRoll,WeightedTransition,5,0,0,0
1001,1960,Soul,Soul,AnnualFloor,1,0,1,0
1001,1960,Soul,Soul,Retained,360,0,0,0
1001,1960,Soul,Soul,WeightedTransition,15,0,0,0
1001,1960,Soul,TeenPop,WeightedTransition,8,0,0,0
1001,1960,Soul,TexMex,WeightedTransition,2,0,0,0
1001,1960,Soul,TraditionalPop,WeightedTransition,5,0,0,0
1001,1960,TeenPop,Blues,WeightedTransition,2,0,0,0
1001,1960,TeenPop,Classical,WeightedTransition,2,0,0,0
1001,1960,TeenPop,Comedy,WeightedTransition,1,0,0,0
1001,1960,TeenPop,DooWop,WeightedTransition,17,0,0,0
1001,1960,TeenPop,EasyListening,WeightedTransition,11,0,0,0
1001,1960,TeenPop,Folk,WeightedTransition,1,0,0,0
1001,1960,TeenPop,Gospel,WeightedTransition,1,0,0,0
1001,1960,TeenPop,Jazz,AnnualFloor,1,0,1,0
1001,1960,TeenPop,Jazz,WeightedTransition,4,0,0,0
1001,1960,TeenPop,LatinPop,AnnualFloor,1,0,1,0
1001,1960,TeenPop,LatinPop,WeightedTransition,1,0,0,0
1001,1960,TeenPop,RnB,WeightedTransition,3,0,0,0
1001,1960,TeenPop,RockAndRoll,WeightedTransition,17,0,0,0
1001,1960,TeenPop,Soul,WeightedTransition,2,0,0,0
1001,1960,TeenPop,TeenPop,AnnualFloor,1,0,1,0
1001,1960,TeenPop,TeenPop,Retained,533,0,0,0
1001,1960,TeenPop,TeenPop,WeightedTransition,35,0,0,0
1001,1960,TeenPop,TexMex,WeightedTransition,1,0,0,0
1001,1960,TeenPop,TraditionalPop,WeightedTransition,26,0,0,0
1001,1960,TexMex,Blues,WeightedTransition,1,0,0,0
1001,1960,TexMex,Country,WeightedTransition,3,0,0,0
1001,1960,TexMex,DooWop,WeightedTransition,2,0,0,0
1001,1960,TexMex,Folk,WeightedTransition,1,0,0,0
1001,1960,TexMex,Gospel,WeightedTransition,2,0,0,0
1001,1960,TexMex,LatinPop,WeightedTransition,1,0,0,0
1001,1960,TexMex,RockAndRoll,WeightedTransition,1,0,0,0
1001,1960,TexMex,Soul,WeightedTransition,1,0,0,0
1001,1960,TexMex,TeenPop,WeightedTransition,1,0,0,0
1001,1960,TexMex,TexMex,Retained,12,0,0,0
1001,1960,TexMex,TexMex,WeightedTransition,1,0,0,0
1001,1960,TraditionalPop,Blues,AnnualFloor,1,0,1,0
1001,1960,TraditionalPop,Blues,WeightedTransition,1,0,0,0
1001,1960,TraditionalPop,Classical,AnnualFloor,1,0,1,0
1001,1960,TraditionalPop,Classical,WeightedTransition,2,0,0,0
1001,1960,TraditionalPop,Comedy,WeightedTransition,2,0,0,0
1001,1960,TraditionalPop,Country,WeightedTransition,3,0,0,0
1001,1960,TraditionalPop,DooWop,WeightedTransition,1,0,0,0
1001,1960,TraditionalPop,EasyListening,AnnualFloor,1,0,1,0
1001,1960,TraditionalPop,EasyListening,WeightedTransition,8,0,0,0
1001,1960,TraditionalPop,Gospel,WeightedTransition,1,0,0,0
1001,1960,TraditionalPop,Jazz,AnnualFloor,1,0,1,0
1001,1960,TraditionalPop,Jazz,WeightedTransition,5,0,0,0
1001,1960,TraditionalPop,RnB,WeightedTransition,1,0,0,0
1001,1960,TraditionalPop,RockAndRoll,WeightedTransition,5,0,0,0
1001,1960,TraditionalPop,Soul,WeightedTransition,2,0,0,0
1001,1960,TraditionalPop,TeenPop,WeightedTransition,4,0,0,0
1001,1960,TraditionalPop,TraditionalPop,AnnualFloor,1,0,1,0
1001,1960,TraditionalPop,TraditionalPop,Retained,346,0,0,0
1001,1960,TraditionalPop,TraditionalPop,WeightedTransition,30,0,0,0
1001,1961,Blues,Blues,Retained,109,0,0,0
1001,1961,Blues,Blues,WeightedTransition,2,0,0,0
1001,1961,Blues,Comedy,WeightedTransition,1,0,0,0
1001,1961,Blues,ContemporaryFolk,WeightedTransition,2,0,0,0
1001,1961,Blues,Country,WeightedTransition,2,0,0,0
1001,1961,Blues,DooWop,WeightedTransition,9,0,0,0
1001,1961,Blues,EasyListening,WeightedTransition,1,0,0,0
1001,1961,Blues,Folk,WeightedTransition,4,0,0,0
1001,1961,Blues,Gospel,WeightedTransition,1,0,0,0
1001,1961,Blues,Jazz,WeightedTransition,5,0,0,0
1001,1961,Blues,RnB,WeightedTransition,3,0,0,0
1001,1961,Blues,RockAndRoll,WeightedTransition,1,0,0,0
1001,1961,Blues,Soul,WeightedTransition,5,0,0,0
1001,1961,Blues,TexMex,WeightedTransition,1,0,0,0
1001,1961,Blues,TraditionalPop,WeightedTransition,4,0,0,0
1001,1961,Childrens,Childrens,Retained,26,0,0,0
1001,1961,Childrens,Childrens,WeightedTransition,1,0,0,0
1001,1961,Childrens,Classical,WeightedTransition,1,0,0,0
1001,1961,Childrens,DooWop,WeightedTransition,1,0,0,0
1001,1961,Childrens,EasyListening,WeightedTransition,2,0,0,0
1001,1961,Childrens,Gospel,WeightedTransition,2,0,0,0
1001,1961,Childrens,RnB,WeightedTransition,1,0,0,0
1001,1961,Childrens,SurfRock,WeightedTransition,1,0,0,0
1001,1961,Childrens,TraditionalPop,WeightedTransition,1,0,0,0
1001,1961,Classical,Classical,AnnualFloor,1,0,1,0
1001,1961,Classical,Classical,Retained,100,0,0,0
1001,1961,Classical,Classical,WeightedTransition,2,0,0,0
1001,1961,Classical,Country,WeightedTransition,2,0,0,0
1001,1961,Classical,Folk,WeightedTransition,1,0,0,0
1001,1961,Classical,Gospel,WeightedTransition,1,0,0,0
1001,1961,Classical,Jazz,WeightedTransition,2,0,0,0
1001,1961,Classical,RockAndRoll,WeightedTransition,1,0,0,0
1001,1961,Classical,SurfRock,WeightedTransition,1,0,0,0
1001,1961,Classical,TeenPop,WeightedTransition,1,0,0,0
1001,1961,Classical,TraditionalPop,WeightedTransition,3,0,0,0
1001,1961,Comedy,Comedy,Retained,34,0,0,0
1001,1961,Comedy,Comedy,WeightedTransition,6,0,0,0
1001,1961,Comedy,Gospel,WeightedTransition,2,0,0,0
1001,1961,Comedy,Soul,WeightedTransition,3,0,0,0
1001,1961,Comedy,TraditionalPop,WeightedTransition,2,0,0,0
1001,1961,ContemporaryFolk,Childrens,WeightedTransition,1,0,0,0
1001,1961,ContemporaryFolk,ContemporaryFolk,Retained,8,0,0,0
1001,1961,ContemporaryFolk,DooWop,WeightedTransition,2,0,0,0
1001,1961,Country,Blues,WeightedTransition,1,0,0,0
1001,1961,Country,Childrens,WeightedTransition,1,0,0,0
1001,1961,Country,Classical,WeightedTransition,1,0,0,0
1001,1961,Country,ContemporaryFolk,WeightedTransition,1,0,0,0
1001,1961,Country,Country,AnnualFloor,2,0,2,0
1001,1961,Country,Country,Retained,234,0,0,0
1001,1961,Country,Country,WeightedTransition,29,0,0,0
1001,1961,Country,DooWop,WeightedTransition,1,0,0,0
1001,1961,Country,EasyListening,WeightedTransition,5,0,0,0
1001,1961,Country,Folk,AnnualFloor,1,0,1,0
1001,1961,Country,Folk,WeightedTransition,3,0,0,0
1001,1961,Country,Gospel,WeightedTransition,2,0,0,0
1001,1961,Country,Jazz,WeightedTransition,1,0,0,0
1001,1961,Country,LatinPop,AnnualFloor,1,0,1,0
1001,1961,Country,LatinPop,WeightedTransition,1,0,0,0
1001,1961,Country,RnB,WeightedTransition,4,0,0,0
1001,1961,Country,RockAndRoll,WeightedTransition,3,0,0,0
1001,1961,Country,Soul,WeightedTransition,2,0,0,0
1001,1961,Country,SurfRock,WeightedTransition,3,0,0,0
1001,1961,Country,TeenPop,AnnualFloor,1,0,1,0
1001,1961,Country,TeenPop,WeightedTransition,1,0,0,0
1001,1961,Country,TraditionalPop,WeightedTransition,1,0,0,0
1001,1961,DooWop,Blues,WeightedTransition,1,0,0,0
1001,1961,DooWop,Childrens,WeightedTransition,1,0,0,0
1001,1961,DooWop,Comedy,WeightedTransition,1,0,0,0
1001,1961,DooWop,DooWop,AnnualFloor,1,0,1,0
1001,1961,DooWop,DooWop,Retained,152,0,0,0
1001,1961,DooWop,DooWop,WeightedTransition,18,0,0,0
1001,1961,DooWop,EasyListening,WeightedTransition,2,0,0,0
1001,1961,DooWop,Folk,AnnualFloor,1,0,1,0
1001,1961,DooWop,Folk,WeightedTransition,3,0,0,0
1001,1961,DooWop,Gospel,WeightedTransition,2,0,0,0
1001,1961,DooWop,Jazz,WeightedTransition,1,0,0,0
1001,1961,DooWop,RnB,AnnualFloor,1,0,1,0
1001,1961,DooWop,RnB,WeightedTransition,4,0,0,0
1001,1961,DooWop,RockAndRoll,WeightedTransition,1,0,0,0
1001,1961,DooWop,Soul,WeightedTransition,7,0,0,0
1001,1961,DooWop,SurfRock,WeightedTransition,1,0,0,0
1001,1961,DooWop,TeenPop,WeightedTransition,4,0,0,0
1001,1961,DooWop,TraditionalPop,WeightedTransition,2,0,0,0
1001,1961,EasyListening,Blues,WeightedTransition,1,0,0,0
1001,1961,EasyListening,Childrens,WeightedTransition,2,0,0,0
1001,1961,EasyListening,Country,WeightedTransition,1,0,0,0
1001,1961,EasyListening,EasyListening,AnnualFloor,1,0,1,0
1001,1961,EasyListening,EasyListening,Retained,174,0,0,0
1001,1961,EasyListening,EasyListening,WeightedTransition,9,0,0,0
1001,1961,EasyListening,Folk,WeightedTransition,2,0,0,0
1001,1961,EasyListening,Gospel,WeightedTransition,1,0,0,0
1001,1961,EasyListening,Jazz,WeightedTransition,5,0,0,0
1001,1961,EasyListening,RnB,WeightedTransition,2,0,0,0
1001,1961,EasyListening,Soul,WeightedTransition,2,0,0,0
1001,1961,EasyListening,SurfRock,AnnualFloor,1,0,1,0
1001,1961,EasyListening,TeenPop,WeightedTransition,6,0,0,0
1001,1961,EasyListening,TraditionalPop,WeightedTransition,14,0,0,0
1001,1961,Folk,Blues,WeightedTransition,1,0,0,0
1001,1961,Folk,Childrens,WeightedTransition,1,0,0,0
1001,1961,Folk,Classical,WeightedTransition,1,0,0,0
1001,1961,Folk,Comedy,WeightedTransition,1,0,0,0
1001,1961,Folk,ContemporaryFolk,WeightedTransition,2,0,0,0
1001,1961,Folk,Country,WeightedTransition,3,0,0,0
1001,1961,Folk,DooWop,WeightedTransition,3,0,0,0
1001,1961,Folk,EasyListening,WeightedTransition,3,0,0,0
1001,1961,Folk,Folk,AnnualFloor,1,0,1,0
1001,1961,Folk,Folk,Retained,171,0,0,0
1001,1961,Folk,Folk,WeightedTransition,29,0,0,0
1001,1961,Folk,Jazz,WeightedTransition,1,0,0,0
1001,1961,Folk,LatinPop,AnnualFloor,1,0,1,0
1001,1961,Folk,LatinPop,WeightedTransition,1,0,0,0
1001,1961,Folk,RockAndRoll,WeightedTransition,3,0,0,0
1001,1961,Folk,Soul,WeightedTransition,3,0,0,0
1001,1961,Folk,SurfRock,WeightedTransition,1,0,0,0
1001,1961,Folk,TeenPop,WeightedTransition,2,0,0,0
1001,1961,Folk,TraditionalPop,WeightedTransition,6,0,0,0
1001,1961,Gospel,Comedy,WeightedTransition,1,0,0,0
1001,1961,Gospel,ContemporaryFolk,WeightedTransition,1,0,0,0
1001,1961,Gospel,Country,WeightedTransition,4,0,0,0
1001,1961,Gospel,DooWop,WeightedTransition,3,0,0,0
1001,1961,Gospel,EasyListening,WeightedTransition,2,0,0,0
1001,1961,Gospel,Folk,WeightedTransition,1,0,0,0
1001,1961,Gospel,Gospel,Retained,42,0,0,0
1001,1961,Gospel,Gospel,WeightedTransition,15,0,0,0
1001,1961,Gospel,Jazz,WeightedTransition,1,0,0,0
1001,1961,Gospel,RnB,WeightedTransition,8,0,0,0
1001,1961,Gospel,RockAndRoll,WeightedTransition,1,0,0,0
1001,1961,Gospel,Soul,AnnualFloor,1,0,1,0
1001,1961,Gospel,Soul,WeightedTransition,5,0,0,0
1001,1961,Gospel,TeenPop,WeightedTransition,2,0,0,0
1001,1961,Gospel,TexMex,WeightedTransition,1,0,0,0
1001,1961,Jazz,Blues,WeightedTransition,1,0,0,0
1001,1961,Jazz,Childrens,WeightedTransition,1,0,0,0
1001,1961,Jazz,Classical,WeightedTransition,2,0,0,0
1001,1961,Jazz,Comedy,WeightedTransition,2,0,0,0
1001,1961,Jazz,Country,WeightedTransition,2,0,0,0
1001,1961,Jazz,DooWop,WeightedTransition,3,0,0,0
1001,1961,Jazz,EasyListening,WeightedTransition,4,0,0,0
1001,1961,Jazz,Gospel,WeightedTransition,1,0,0,0
1001,1961,Jazz,Jazz,AnnualFloor,2,0,2,0
1001,1961,Jazz,Jazz,Retained,143,0,0,0
1001,1961,Jazz,Jazz,WeightedTransition,14,0,0,0
1001,1961,Jazz,RnB,WeightedTransition,7,0,0,0
1001,1961,Jazz,RockAndRoll,WeightedTransition,1,0,0,0
1001,1961,Jazz,Soul,WeightedTransition,4,0,0,0
1001,1961,Jazz,TeenPop,WeightedTransition,2,0,0,0
1001,1961,Jazz,TraditionalPop,AnnualFloor,1,0,1,0
1001,1961,Jazz,TraditionalPop,WeightedTransition,5,0,0,0
1001,1961,LatinPop,Comedy,WeightedTransition,1,0,0,0
1001,1961,LatinPop,ContemporaryFolk,WeightedTransition,1,0,0,0
1001,1961,LatinPop,DooWop,WeightedTransition,2,0,0,0
1001,1961,LatinPop,LatinPop,AnnualFloor,1,0,1,0
1001,1961,LatinPop,LatinPop,Retained,31,0,0,0
1001,1961,LatinPop,LatinPop,WeightedTransition,1,0,0,0
1001,1961,LatinPop,Soul,WeightedTransition,1,0,0,0
1001,1961,LatinPop,TeenPop,WeightedTransition,1,0,0,0
1001,1961,LatinPop,TraditionalPop,WeightedTransition,2,0,0,0
1001,1961,RnB,Blues,AnnualFloor,1,0,1,0
1001,1961,RnB,Blues,WeightedTransition,2,0,0,0
1001,1961,RnB,Childrens,AnnualFloor,2,0,2,0
1001,1961,RnB,Childrens,WeightedTransition,1,0,0,0
1001,1961,RnB,Classical,AnnualFloor,1,0,1,0
1001,1961,RnB,Classical,WeightedTransition,2,0,0,0
1001,1961,RnB,Comedy,AnnualFloor,1,0,1,0
1001,1961,RnB,Comedy,WeightedTransition,3,0,0,0
1001,1961,RnB,ContemporaryFolk,AnnualFloor,1,0,1,0
1001,1961,RnB,ContemporaryFolk,WeightedTransition,1,0,0,0
1001,1961,RnB,Country,WeightedTransition,3,0,0,0
1001,1961,RnB,DooWop,WeightedTransition,23,0,0,0
1001,1961,RnB,EasyListening,WeightedTransition,3,0,0,0
1001,1961,RnB,Folk,WeightedTransition,3,0,0,0
1001,1961,RnB,Gospel,AnnualFloor,2,0,2,0
1001,1961,RnB,Gospel,WeightedTransition,9,0,0,0
1001,1961,RnB,Jazz,WeightedTransition,3,0,0,0
1001,1961,RnB,RnB,AnnualFloor,2,0,2,0
1001,1961,RnB,RnB,Retained,370,0,0,0
1001,1961,RnB,RnB,WeightedTransition,55,0,0,0
1001,1961,RnB,RockAndRoll,WeightedTransition,2,0,0,0
1001,1961,RnB,Soul,WeightedTransition,15,0,0,0
1001,1961,RnB,TeenPop,WeightedTransition,7,0,0,0
1001,1961,RnB,TexMex,WeightedTransition,2,0,0,0
1001,1961,RnB,TraditionalPop,WeightedTransition,3,0,0,0
1001,1961,RockAndRoll,Blues,AnnualFloor,1,0,1,0
1001,1961,RockAndRoll,Blues,WeightedTransition,1,0,0,0
1001,1961,RockAndRoll,Childrens,AnnualFloor,1,0,1,0
1001,1961,RockAndRoll,Childrens,WeightedTransition,1,0,0,0
1001,1961,RockAndRoll,Classical,AnnualFloor,1,0,1,0
1001,1961,RockAndRoll,Classical,WeightedTransition,3,0,0,0
1001,1961,RockAndRoll,Comedy,AnnualFloor,2,0,2,0
1001,1961,RockAndRoll,Comedy,WeightedTransition,1,0,0,0
1001,1961,RockAndRoll,ContemporaryFolk,AnnualFloor,1,0,1,0
1001,1961,RockAndRoll,ContemporaryFolk,WeightedTransition,1,0,0,0
1001,1961,RockAndRoll,Country,WeightedTransition,2,0,0,0
1001,1961,RockAndRoll,DooWop,AnnualFloor,1,0,1,0
1001,1961,RockAndRoll,DooWop,WeightedTransition,5,0,0,0
1001,1961,RockAndRoll,EasyListening,AnnualFloor,1,0,1,0
1001,1961,RockAndRoll,EasyListening,WeightedTransition,4,0,0,0
1001,1961,RockAndRoll,Folk,WeightedTransition,5,0,0,0
1001,1961,RockAndRoll,Gospel,WeightedTransition,1,0,0,0
1001,1961,RockAndRoll,Jazz,WeightedTransition,2,0,0,0
1001,1961,RockAndRoll,LatinPop,WeightedTransition,2,0,0,0
1001,1961,RockAndRoll,RnB,WeightedTransition,4,0,0,0
1001,1961,RockAndRoll,RockAndRoll,AnnualFloor,2,0,2,0
1001,1961,RockAndRoll,RockAndRoll,Retained,487,0,0,0
1001,1961,RockAndRoll,RockAndRoll,WeightedTransition,45,0,0,0
1001,1961,RockAndRoll,Soul,WeightedTransition,4,0,0,0
1001,1961,RockAndRoll,SurfRock,AnnualFloor,2,0,2,0
1001,1961,RockAndRoll,SurfRock,WeightedTransition,5,0,0,0
1001,1961,RockAndRoll,TeenPop,WeightedTransition,5,0,0,0
1001,1961,RockAndRoll,TexMex,AnnualFloor,2,0,2,0
1001,1961,RockAndRoll,TexMex,WeightedTransition,1,0,0,0
1001,1961,RockAndRoll,TraditionalPop,AnnualFloor,1,0,1,0
1001,1961,RockAndRoll,TraditionalPop,WeightedTransition,5,0,0,0
1001,1961,Soul,Childrens,WeightedTransition,3,0,0,0
1001,1961,Soul,Classical,WeightedTransition,1,0,0,0
1001,1961,Soul,Comedy,WeightedTransition,5,0,0,0
1001,1961,Soul,ContemporaryFolk,AnnualFloor,1,0,1,0
1001,1961,Soul,ContemporaryFolk,WeightedTransition,1,0,0,0
1001,1961,Soul,Country,WeightedTransition,5,0,0,0
1001,1961,Soul,DooWop,AnnualFloor,1,0,1,0
1001,1961,Soul,DooWop,WeightedTransition,18,0,0,0
1001,1961,Soul,EasyListening,WeightedTransition,8,0,0,0
1001,1961,Soul,Folk,WeightedTransition,4,0,0,0
1001,1961,Soul,Gospel,AnnualFloor,1,0,1,0
1001,1961,Soul,Gospel,WeightedTransition,15,0,0,0
1001,1961,Soul,Jazz,WeightedTransition,11,0,0,0
1001,1961,Soul,LatinPop,WeightedTransition,2,0,0,0
1001,1961,Soul,RnB,WeightedTransition,20,0,0,0
1001,1961,Soul,RockAndRoll,WeightedTransition,9,0,0,0
1001,1961,Soul,Soul,AnnualFloor,1,0,1,0
1001,1961,Soul,Soul,Retained,185,0,0,0
1001,1961,Soul,Soul,WeightedTransition,36,0,0,0
1001,1961,Soul,TeenPop,WeightedTransition,11,0,0,0
1001,1961,Soul,TexMex,WeightedTransition,3,0,0,0
1001,1961,Soul,TraditionalPop,WeightedTransition,5,0,0,0
1001,1961,SurfRock,SurfRock,Retained,3,0,0,0
1001,1961,TeenPop,Blues,AnnualFloor,1,0,1,0
1001,1961,TeenPop,Blues,WeightedTransition,1,0,0,0
1001,1961,TeenPop,Childrens,WeightedTransition,1,0,0,0
1001,1961,TeenPop,Comedy,WeightedTransition,1,0,0,0
1001,1961,TeenPop,Country,AnnualFloor,1,0,1,0
1001,1961,TeenPop,Country,WeightedTransition,3,0,0,0
1001,1961,TeenPop,DooWop,WeightedTransition,7,0,0,0
1001,1961,TeenPop,EasyListening,WeightedTransition,11,0,0,0
1001,1961,TeenPop,Folk,WeightedTransition,1,0,0,0
1001,1961,TeenPop,Gospel,WeightedTransition,1,0,0,0
1001,1961,TeenPop,Jazz,WeightedTransition,1,0,0,0
1001,1961,TeenPop,RockAndRoll,WeightedTransition,2,0,0,0
1001,1961,TeenPop,Soul,AnnualFloor,1,0,1,0
1001,1961,TeenPop,Soul,WeightedTransition,3,0,0,0
1001,1961,TeenPop,SurfRock,WeightedTransition,3,0,0,0
1001,1961,TeenPop,TeenPop,AnnualFloor,2,0,2,0
1001,1961,TeenPop,TeenPop,Retained,459,0,0,0
1001,1961,TeenPop,TeenPop,WeightedTransition,30,0,0,0
1001,1961,TeenPop,TraditionalPop,WeightedTransition,12,0,0,0
1001,1961,TexMex,Childrens,WeightedTransition,1,0,0,0
1001,1961,TexMex,ContemporaryFolk,WeightedTransition,1,0,0,0
1001,1961,TexMex,Country,WeightedTransition,2,0,0,0
1001,1961,TexMex,DooWop,WeightedTransition,1,0,0,0
1001,1961,TexMex,EasyListening,WeightedTransition,1,0,0,0
1001,1961,TexMex,Gospel,WeightedTransition,2,0,0,0
1001,1961,TexMex,LatinPop,WeightedTransition,1,0,0,0
1001,1961,TexMex,TexMex,Retained,23,0,0,0
1001,1961,TexMex,TexMex,WeightedTransition,1,0,0,0
1001,1961,TraditionalPop,Blues,WeightedTransition,3,0,0,0
1001,1961,TraditionalPop,Childrens,WeightedTransition,2,0,0,0
1001,1961,TraditionalPop,Comedy,WeightedTransition,1,0,0,0
1001,1961,TraditionalPop,ContemporaryFolk,WeightedTransition,1,0,0,0
1001,1961,TraditionalPop,Country,WeightedTransition,3,0,0,0
1001,1961,TraditionalPop,DooWop,WeightedTransition,5,0,0,0
1001,1961,TraditionalPop,EasyListening,AnnualFloor,1,0,1,0
1001,1961,TraditionalPop,EasyListening,WeightedTransition,9,0,0,0
1001,1961,TraditionalPop,Folk,WeightedTransition,3,0,0,0
1001,1961,TraditionalPop,Gospel,WeightedTransition,2,0,0,0
1001,1961,TraditionalPop,Jazz,AnnualFloor,1,0,1,0
1001,1961,TraditionalPop,Jazz,WeightedTransition,7,0,0,0
1001,1961,TraditionalPop,RnB,WeightedTransition,3,0,0,0
1001,1961,TraditionalPop,RockAndRoll,AnnualFloor,1,0,1,0
1001,1961,TraditionalPop,RockAndRoll,WeightedTransition,1,0,0,0
1001,1961,TraditionalPop,Soul,WeightedTransition,6,0,0,0
1001,1961,TraditionalPop,TeenPop,WeightedTransition,12,0,0,0
1001,1961,TraditionalPop,TexMex,AnnualFloor,1,0,1,0
1001,1961,TraditionalPop,TraditionalPop,AnnualFloor,1,0,1,0
1001,1961,TraditionalPop,TraditionalPop,Retained,290,0,0,0
1001,1961,TraditionalPop,TraditionalPop,WeightedTransition,24,0,0,0
