seed,year,genre,family,emergenceYear,deathYear,singleOrientation,authoredBaseline,supply,retainedSupply,transitionSupply,floorSupply,unavailableIdentityTransitions,annualFloorRequested,annualFloorReroutes,albumCapacityReroutes,decisions,singleDecisions,albumDecisions,decisionSingleSharePct,orphanDecisions,standaloneDecisions,promoDecisions,fulfilledUnits,marketSharePct,backorders,backorderRatePct,unitsPerSupply,settlementSingleUnits,settlementAlbumUnits,settlementSingleSharePct,meanAcceptance,meanEligible,meanCharted,meanRadio
1001,1960,AcidRock,Rock,1966,1971,0.4,0.02,0,0,0,0,0,0,0,0,0,0,0,0,0,0,0,0,0,0,0,0,0,0,0,0.019999999999999817,0,0,0
1001,1960,BaroquePop,Pop,1966,1970,0.5,0.02,0,0,0,0,0,0,0,0,0,0,0,0,0,0,0,0,0,0,0,0,0,0,0,0.019999999999999817,0,0,0
1001,1960,Blues,Blues,1945,,0.5,0.3,123,104,16,3,0,3,0,0,126,67,59,53.17460317460318,67,0,59,2860229,1.9380410847670126,1247360,30.36720567710158,23253.89430894309,2819891,43361,98.4856030834869,0.38849936538461477,65.34615384615384,1.9807692307692308,2.2787794285714282
1001,1960,BluesRock,Rock,1966,,0.45,0.02,0,0,0,0,0,0,0,0,0,0,0,0,0,0,0,0,0,0,0,0,0,0,0,0.0358766181318682,0,0,0
1001,1960,Boogaloo,Latin,1966,1969,0.7,0.02,0,0,0,0,0,0,0,0,0,0,0,0,0,0,0,0,0,0,0,0,0,0,0,0.023631664835164882,0,0,0
1001,1960,BossaNova,Jazz,1962,1967,0.45,0.05,0,0,0,0,0,0,0,0,0,0,0,0,0,0,0,0,0,0,0,0,0,0,0,0.16403656593406568,0,0,0
1001,1960,BritishBeat,Rock,1963,1967,0.75,0.01,0,0,0,0,0,0,0,0,0,0,0,0,0,0,0,0,0,0,0,0,0,0,0,0.012534181318681344,0,0,0
1001,1960,BritishBlues,Rock,1964,,0.85,0.01,0,0,0,0,0,0,0,0,0,0,0,0,0,0,0,0,0,0,0,0,0,0,0,0.012534178571428595,0,0,0
1001,1960,BritishPop,Pop,1964,1968,0.8,0.01,0,0,0,0,0,0,0,0,0,0,0,0,0,0,0,0,0,0,0,0,0,0,0,0.0125341730769231,0,0,0
1001,1960,Bubblegum,Pop,1967,1971,0.9,0.01,0,0,0,0,0,0,0,0,0,0,0,0,0,0,0,0,0,0,0,0,0,0,0,0.012534175824175847,0,0,0
1001,1960,Childrens,NonMusic,1950,,0.3,0.35,39,20,16,3,0,3,0,0,39,8,31,20.512820512820515,8,0,31,1011280,0.6852256194183,316753,23.851289839936207,25930.25641025641,992693,19388,98.08434305159369,0.42737678846153865,22.5,0.8076923076923077,0.6636114890109885
1001,1960,Classical,Classical,1945,,0.15,0.4,133,109,21,3,0,3,0,0,134,0,134,0,0,12,122,2470742,1.6741315138960615,1144854,31.66432311574634,18577.007518796992,2085373,388621,84.29175656852846,0.509375142857145,105.51923076923077,8.26923076923077,2.5135440824175834
1001,1960,Comedy,NonMusic,1955,,0.15,0.4,45,24,18,3,0,3,0,0,43,2,41,4.651162790697675,2,0,41,679826,0.4606381931281793,429388,38.71101518733085,15107.244444444445,651156,29530,95.66172949054337,0.5259247994505488,26.78846153846154,0.4230769230769231,0.8072914450549449
1001,1960,ContemporaryFolk,Folk,1961,1969,0.5,0.1,0,0,0,0,0,0,0,0,0,0,0,0,0,0,0,0,0,0,0,0,0,0,0,0.1760244065934061,0,0,0
1001,1960,Country,Country,1950,,0.65,0.48,312,222,87,3,0,3,0,0,318,297,21,93.39622641509433,297,0,21,12209780,8.273133121846739,159262,1.2875855704912313,39133.91025641026,12203722,15429,99.87373099816837,0.6799203791208792,140.03846153846155,7.846153846153846,8.623135975274728
1001,1960,CountryRock,Country,1968,,0.4,0.01,0,0,0,0,0,0,0,0,0,0,0,0,0,0,0,0,0,0,0,0,0,0,0,0.012534175824175847,0,0,0
1001,1960,DooWop,RhythmAndSoul,1954,1965,0.85,0.75,282,166,113,3,0,3,0,0,284,276,8,97.1830985915493,276,0,8,8845358,5.993459689232076,3983476,31.050959112885863,31366.517730496453,8851016,1010,99.98859018263164,0.8545870576923081,96.11538461538461,5.961538461538462,7.595588769230779
1001,1960,EasyListening,Pop,1950,,0.35,0.65,267,201,63,3,0,3,0,0,267,43,224,16.10486891385768,43,0,224,9451734,6.404329448547391,3498459,27.014724799854335,35399.752808988764,8702681,754740,92.01960026946035,0.7750511456043949,183.90384615384616,22.53846153846154,7.127605140109885
1001,1960,Folk,Folk,1958,1966,0.5,0.4,233,153,77,3,0,3,0,0,234,70,164,29.914529914529915,70,0,164,9021053,6.112507544626921,3054126,25.292594006266906,38716.96566523605,8729709,297848,96.70067992924332,0.5529439780219783,157.69230769230768,11.557692307692308,5.367967543956045
1001,1960,FolkRock,Folk,1965,,0.55,0.02,0,0,0,0,0,0,0,0,0,0,0,0,0,0,0,0,0,0,0,0,0,0,0,0.02484467307692302,0,0,0
1001,1960,Funk,RhythmAndSoul,1967,,0.7,0.02,0,0,0,0,0,0,0,0,0,0,0,0,0,0,0,0,0,0,0,0,0,0,0,0.025401873626373618,0,0,0
1001,1960,GarageRock,Rock,1963,1968,0.85,0.1,0,0,0,0,0,0,0,0,0,0,0,0,0,0,0,0,0,0,0,0,0,0,0,0.12534148351648328,0,0,0
1001,1960,Gospel,Gospel,1950,,0.7,0.35,101,48,50,3,0,3,0,0,103,91,12,88.3495145631068,91,0,12,1533952,1.0393790140791275,1341349,46.65073326236105,15187.643564356436,1533713,2685,99.82524059521036,0.4521341263736268,36.90384615384615,0.7692307692307693,1.7720432499999976
1001,1960,HardRock,Rock,1967,,0.4,0.01,0,0,0,0,0,0,0,0,0,0,0,0,0,0,0,0,0,0,0,0,0,0,0,0.012534181318681344,0,0,0
1001,1960,Jazz,Jazz,1945,,0.3,0.45,246,199,44,3,0,3,0,0,251,43,208,17.131474103585656,43,0,208,11659946,7.90057523162124,2457466,17.407340665555417,47398.154471544716,11209185,457387,96.0795081880093,0.5619393379120876,187.17307692307693,14.461538461538462,6.053516846153847
1001,1960,LatinPop,Latin,1958,,0.6,0.2,44,27,14,3,0,3,0,0,44,34,10,77.27272727272727,34,0,10,367836,0.24923923240284568,151451,29.165182259521227,8359.90909090909,367421,1132,99.69285285969725,0.2611397445054941,16.01923076923077,0.11538461538461539,0.564722936813187
1001,1960,ProgressiveRock,Rock,1968,,0.25,0.01,0,0,0,0,0,0,0,0,0,0,0,0,0,0,0,0,0,0,0,0,0,0,0,0.009999999999999908,0,0,0
1001,1960,ProtoMetal,Rock,1968,,0.4,0.01,0,0,0,0,0,0,0,0,0,0,0,0,0,0,0,0,0,0,0,0,0,0,0,0.009999999999999908,0,0,0
1001,1960,ProtoPunk,Rock,1967,,0.4,0.01,0,0,0,0,0,0,0,0,0,0,0,0,0,0,0,0,0,0,0,0,0,0,0,0.009999999999999908,0,0,0
1001,1960,PsychedelicRock,Rock,1966,1971,0.85,0.02,0,0,0,0,0,0,0,0,0,0,0,0,0,0,0,0,0,0,0,0,0,0,0,0.019999999999999817,0,0,0
1001,1960,Reggae,Caribbean,1968,,0.8,0.01,0,0,0,0,0,0,0,0,0,0,0,0,0,0,0,0,0,0,0,0,0,0,0,0.009999999999999908,0,0,0
1001,1960,RnB,RhythmAndSoul,1949,,0.8,0.4,531,411,117,3,0,3,0,0,545,519,26,95.22935779816514,519,0,26,15249875,10.333048258569978,5972557,28.14266055841291,28719.161958568737,15261854,1914,99.98746050123404,0.5076700769230769,203.75,10.192307692307692,11.336967222527479
1001,1960,RockAndRoll,Rock,1955,,0.85,0.68,685,584,98,3,0,3,0,0,702,682,20,97.15099715099716,682,0,20,19426054,13.162754019661561,9733104,33.379235436084954,28359.20291970803,19437301,8346,99.95708036868098,0.822258131868132,264.36538461538464,11.76923076923077,18.99206998351649
1001,1960,Rocksteady,Caribbean,1966,1968,0.8,0.01,0,0,0,0,0,0,0,0,0,0,0,0,0,0,0,0,0,0,0,0,0,0,0,0.009999999999999908,0,0,0
1001,1960,SingerSongwriter,Folk,1967,,0.35,0.02,0,0,0,0,0,0,0,0,0,0,0,0,0,0,0,0,0,0,0,0,0,0,0,0.027602442307692324,0,0,0
1001,1960,Ska,Caribbean,1964,1967,0.8,0.01,0,0,0,0,0,0,0,0,0,0,0,0,0,0,0,0,0,0,0,0,0,0,0,0.012534181318681344,0,0,0
1001,1960,Soul,RhythmAndSoul,1960,,0.95,0.2,595,551,41,3,0,3,0,0,607,559,48,92.09225700164744,559,0,48,10676794,7.23440865245193,6112005,36.40525447948957,17944.191596638655,10691501,2182,99.97959543031152,0.34472043956043963,232.34615384615384,5.096153846153846,10.530208516483524
1001,1960,SunshinePop,Pop,1965,1971,0.55,0.02,0,0,0,0,0,0,0,0,0,0,0,0,0,0,0,0,0,0,0,0,0,0,0,0.022534189560439552,0,0,0
1001,1960,SurfRock,Rock,1961,1966,0.8,0.05,0,0,0,0,0,0,0,0,0,0,0,0,0,0,0,0,0,0,0,0,0,0,0,0.189378021978022,0,0,0
1001,1960,TeenPop,Pop,1957,1965,0.9,0.7,473,378,92,3,0,3,0,0,482,454,28,94.19087136929461,454,0,28,17336442,11.746869519776352,7702015,30.760741366770326,36652.09725158563,17341645,7685,99.95570434132038,0.8424082472527471,189.84615384615384,13.442307692307692,14.737831859890099
1001,1960,TexMex,Latin,1959,,0.75,0.15,15,8,4,3,0,3,0,0,16,16,0,100,16,0,0,56048,0.03797714334027853,2679,4.561785890646551,3736.5333333333333,56236,0,100,0.18260690934065907,4.134615384615385,0,0.17555239285714294
1001,1960,TraditionalPop,Pop,1950,1971,0.45,0.62,461,339,119,3,0,3,0,0,466,280,186,60.08583690987125,280,0,186,24726558,16.75428271263401,6342541,20.414306188924243,53636.7852494577,24478068,261069,98.94471258233462,0.7379343571428567,258.5769230769231,21.365384615384617,14.789202887362627
1001,1961,AcidRock,Rock,1966,1971,0.4,0.02,0,0,0,0,0,0,0,0,0,0,0,0,0,0,0,0,0,0,0,0,0,0,0,0.019999999999999817,0,0,0
1001,1961,BaroquePop,Pop,1966,1970,0.5,0.02,0,0,0,0,0,0,0,0,0,0,0,0,0,0,0,0,0,0,0,0,0,0,0,0.019999999999999817,0,0,0
1001,1961,Blues,Blues,1945,,0.5,0.3,105,82,20,3,0,3,0,0,105,51,54,48.57142857142857,51,0,54,2207879,1.4652497314590258,1172466,34.68480288254601,21027.41904761905,2088239,124107,94.39025360409266,0.3873830384615374,117.59615384615384,1.3269230769230769,2.2696993434065935
1001,1961,BluesRock,Rock,1966,,0.45,0.035,0,0,0,0,0,0,0,0,0,0,0,0,0,0,0,0,0,0,0,0,0,0,0,0.05530344230769234,0,0,0
1001,1961,Boogaloo,Latin,1966,1969,0.7,0.035,0,0,0,0,0,0,0,0,0,0,0,0,0,0,0,0,0,0,0,0,0,0,0,0.036421274725274747,0,0,0
1001,1961,BossaNova,Jazz,1962,1967,0.45,0.275,0,0,0,0,0,0,0,0,0,0,0,0,0,0,0,0,0,0,0,0,0,0,0,0.3881164670329676,0,0,0
1001,1961,BritishBeat,Rock,1963,1967,0.75,0.015,0,0,0,0,0,0,0,0,0,0,0,0,0,0,0,0,0,0,0,0,0,0,0,0.01751363461538458,0,0,0
1001,1961,BritishBlues,Rock,1964,,0.85,0.015,0,0,0,0,0,0,0,0,0,0,0,0,0,0,0,0,0,0,0,0,0,0,0,0.01751363461538458,0,0,0
1001,1961,BritishPop,Pop,1964,1968,0.8,0.015,0,0,0,0,0,0,0,0,0,0,0,0,0,0,0,0,0,0,0,0,0,0,0,0.01751363461538458,0,0,0
1001,1961,Bubblegum,Pop,1967,1971,0.9,0.015,0,0,0,0,0,0,0,0,0,0,0,0,0,0,0,0,0,0,0,0,0,0,0,0.01751363461538458,0,0,0
1001,1961,Childrens,NonMusic,1950,,0.3,0.35,57,37,17,3,0,3,0,0,57,15,42,26.31578947368421,15,0,42,1017709,0.6753983524248538,575893,36.13781860213529,17854.543859649122,954787,64593,93.66350134395417,0.44475225274725355,60.78846153846154,0.7692307692307693,1.145779362637363
1001,1961,Classical,Classical,1945,,0.15,0.4,138,113,22,3,0,3,0,0,138,1,137,0.7246376811594203,1,19,118,2443208,1.6214248452467475,1274025,34.27347707286576,17704.405797101448,1599380,848288,65.34301220590375,0.4962345439560448,239.98076923076923,5.884615384615385,2.5339933736263736
1001,1961,Comedy,NonMusic,1955,,0.15,0.47500000000000003,57,34,20,3,0,3,0,0,57,7,50,12.280701754385966,7,0,50,1441491,0.9566395172247223,919522,38.94607950062113,25289.315789473683,1304998,138716,90.39172578502391,0.6569778434065918,83.78846153846153,0.7115384615384616,1.4826682719780213
1001,1961,ContemporaryFolk,Folk,1961,1969,0.5,0.25,20,1,16,3,0,3,0,0,20,12,8,60,12,0,8,516045,0.34247112168319593,106859,17.154970910445268,25802.25,514055,2349,99.54512358540987,0.3751291675824166,9.634615384615385,0.40384615384615385,0.37015679395604406
1001,1961,Country,Country,1950,,0.65,0.49,269,207,59,3,0,3,0,0,269,252,17,93.68029739776952,252,0,17,12567622,8.340450160800726,152584,1.199540321909881,46719.7843866171,12526871,52650,99.58146260100047,0.6914562857142855,153,8.557692307692308,8.15422560989011
1001,1961,CountryRock,Country,1968,,0.4,0.015,0,0,0,0,0,0,0,0,0,0,0,0,0,0,0,0,0,0,0,0,0,0,0,0.01751363461538458,0,0,0
1001,1961,DooWop,RhythmAndSoul,1954,1965,0.85,0.625,240,120,117,3,0,3,0,0,240,225,15,93.75,225,0,15,7305297,4.848130023193494,4026212,35.53111946520097,30438.7375,7310376,5075,99.93062628674568,0.7270994065934067,113.5576923076923,4.673076923076923,7.566402219780223
1001,1961,EasyListening,Pop,1950,,0.35,0.625,215,149,63,3,0,3,0,0,214,42,172,19.626168224299064,42,2,170,12627414,8.380130873350371,3493618,21.671180852441704,58732.158139534884,10726025,1911164,84.87666837933658,0.7496613489010986,402.5769230769231,36.46153846153846,7.560475717032972
1001,1961,Folk,Folk,1958,1966,0.5,0.45,251,193,55,3,0,3,0,0,251,86,165,34.26294820717131,86,0,165,11223176,7.4482141549049485,3930485,25.93752757172013,44713.84860557769,10444247,788252,92.98239866302237,0.6176781346153862,338.3269230769231,13.673076923076923,6.992012392857141
1001,1961,FolkRock,Folk,1965,,0.55,0.02,0,0,0,0,0,0,0,0,0,0,0,0,0,0,0,0,0,0,0,0,0,0,0,0.025909711538461392,0,0,0
1001,1961,Funk,RhythmAndSoul,1967,,0.7,0.035,0,0,0,0,0,0,0,0,0,0,0,0,0,0,0,0,0,0,0,0,0,0,0,0.039149587912087926,0,0,0
1001,1961,GarageRock,Rock,1963,1968,0.85,0.15000000000000002,0,0,0,0,0,0,0,0,0,0,0,0,0,0,0,0,0,0,0,0,0,0,0,0.17513707967032988,0,0,0
1001,1961,Gospel,Gospel,1950,,0.7,0.35,111,56,52,3,0,3,0,0,111,96,15,86.48648648648648,96,0,15,1983223,1.3161577098080843,1890479,48.80290223667179,17866.873873873872,1976573,10476,99.47278602591078,0.452213428571429,55.61538461538461,0.6538461538461539,2.4372864560439544
1001,1961,HardRock,Rock,1967,,0.4,0.015,0,0,0,0,0,0,0,0,0,0,0,0,0,0,0,0,0,0,0,0,0,0,0,0.01751363461538458,0,0,0
1001,1961,Jazz,Jazz,1945,,0.3,0.41500000000000004,225,167,55,3,0,3,0,0,224,44,180,19.642857142857142,44,1,179,14212175,9.4318509312325,2824893,16.58086356173492,63165.22222222222,13147314,1074190,92.44672012186615,0.5166253324175828,376.8076923076923,16.653846153846153,6.48560320329671
1001,1961,LatinPop,Latin,1958,,0.6,0.225,43,28,12,3,0,3,0,0,43,31,12,72.09302325581395,31,0,12,527963,0.3503804529008617,282405,34.84898219080714,12278.209302325582,523853,5635,98.93576436104313,0.3060549560439565,23.5,0.23076923076923078,0.7092726263736262
1001,1961,ProgressiveRock,Rock,1968,,0.25,0.01,0,0,0,0,0,0,0,0,0,0,0,0,0,0,0,0,0,0,0,0,0,0,0,0.009999999999999908,0,0,0
1001,1961,ProtoMetal,Rock,1968,,0.4,0.01,0,0,0,0,0,0,0,0,0,0,0,0,0,0,0,0,0,0,0,0,0,0,0,0.009999999999999908,0,0,0
1001,1961,ProtoPunk,Rock,1967,,0.4,0.01,0,0,0,0,0,0,0,0,0,0,0,0,0,0,0,0,0,0,0,0,0,0,0,0.009999999999999908,0,0,0
1001,1961,PsychedelicRock,Rock,1966,1971,0.85,0.02,0,0,0,0,0,0,0,0,0,0,0,0,0,0,0,0,0,0,0,0,0,0,0,0.019999999999999817,0,0,0
1001,1961,Reggae,Caribbean,1968,,0.8,0.01,0,0,0,0,0,0,0,0,0,0,0,0,0,0,0,0,0,0,0,0,0,0,0,0.009999999999999908,0,0,0
1001,1961,RnB,RhythmAndSoul,1949,,0.8,0.45,508,396,109,3,0,3,0,0,508,473,35,93.11023622047244,473,0,35,14586375,9.680187207591832,7207133,33.07009133178559,28713.33661417323,14599913,4586,99.96859871742262,0.5652589450549448,218.05769230769232,9.096153846153847,12.339403247252744
1001,1961,RockAndRoll,Rock,1955,,0.85,0.665,594,495,96,3,0,3,0,0,593,561,32,94.60370994940978,561,0,32,19056667,12.646877933190215,9186188,32.52570605910769,32081.930976430976,19050160,29986,99.8428418734322,0.8075373956043956,279.15384615384613,12.26923076923077,18.367322664835164
1001,1961,Rocksteady,Caribbean,1966,1968,0.8,0.01,0,0,0,0,0,0,0,0,0,0,0,0,0,0,0,0,0,0,0,0,0,0,0,0.009999999999999908,0,0,0
1001,1961,SingerSongwriter,Folk,1967,,0.35,0.035,0,0,0,0,0,0,0,0,0,0,0,0,0,0,0,0,0,0,0,0,0,0,0,0.042541096153846165,0,0,0
1001,1961,Ska,Caribbean,1964,1967,0.8,0.015,0,0,0,0,0,0,0,0,0,0,0,0,0,0,0,0,0,0,0,0,0,0,0,0.01751363461538458,0,0,0
1001,1961,Soul,RhythmAndSoul,1960,,0.95,0.375,362,252,107,3,0,3,0,0,362,325,37,89.77900552486187,325,0,37,8968546,5.95193831640136,5822388,39.364572920141484,24774.98895027624,8976201,8626,99.90399369960045,0.5526395000000001,173.23076923076923,5.25,9.044496247252745
1001,1961,SunshinePop,Pop,1965,1971,0.55,0.025,0,0,0,0,0,0,0,0,0,0,0,0,0,0,0,0,0,0,0,0,0,0,0,0.0275136346153846,0,0,0
1001,1961,SurfRock,Rock,1961,1966,0.8,0.32499999999999996,17,7,7,3,0,3,0,0,17,16,1,94.11764705882354,16,0,1,165241,0.10966150358603025,182223,52.443706398360696,9720.058823529413,165426,108,99.93475660589365,0.4679678846153855,5.0576923076923075,0.019230769230769232,0.26381664560439555
1001,1961,TeenPop,Pop,1957,1965,0.9,0.725,454,347,104,3,0,3,0,0,453,409,44,90.28697571743929,409,0,44,16589670,11.009665616862996,7453950,31.00177926618371,36541.12334801762,16564385,43670,99.73705530238189,0.8638738956043959,237.94230769230768,11.75,15.718650384615374
1001,1961,TexMex,Latin,1959,,0.75,0.175,31,16,12,3,0,3,0,0,31,27,4,87.09677419354838,27,0,4,215262,0.14285773255388218,1502,0.6929194884759462,6943.935483870968,215564,531,99.75427474027627,0.21175118406593418,12.192307692307692,0.019230769230769232,0.4440493873626377
1001,1961,TraditionalPop,Pop,1950,1971,0.45,0.5549999999999999,409,315,91,3,0,3,0,0,408,261,147,63.970588235294116,261,0,147,23027815,15.282313815584153,5987914,20.636786344399617,56302.726161369195,22427427,617426,97.32076399011962,0.6703597692307688,425.9423076923077,18.903846153846153,13.84357521978023
1001,1962,AcidRock,Rock,1966,1971,0.4,0.02,0,0,0,0,0,0,0,0,0,0,0,0,0,0,0,0,0,0,0,0,0,0,0,0.027500008241758217,0,0,0
1001,1962,BaroquePop,Pop,1966,1970,0.5,0.02,0,0,0,0,0,0,0,0,0,0,0,0,0,0,0,0,0,0,0,0,0,0,0,0.02999999999999998,0,0,0
1001,1962,Blues,Blues,1945,,0.5,0.3,110,93,14,3,0,3,0,0,110,63,47,57.27272727272727,63,0,47,2355373,1.5627837591585276,1189005,33.54622447154338,21412.48181818182,2222534,136755,94.2035503068933,0.3841962554945053,133.69230769230768,1.0961538461538463,2.2692735439560447
1001,1962,BluesRock,Rock,1966,,0.45,0.05,0,0,0,0,0,0,0,0,0,0,0,0,0,0,0,0,0,0,0,0,0,0,0,0.08125000824175815,0,0,0
1001,1962,Boogaloo,Latin,1966,1969,0.7,0.05,0,0,0,0,0,0,0,0,0,0,0,0,0,0,0,0,0,0,0,0,0,0,0,0.053508964285714306,0,0,0
1001,1962,BossaNova,Jazz,1962,1967,0.45,0.5,31,12,16,3,0,3,0,0,31,31,0,100,31,0,0,907833,0.6023447956770175,387728,29.927421402774552,29284.935483870966,908595,0,100,0.6310436181318679,11.01923076923077,0.6346153846153846,0.779528228021978
1001,1962,BritishBeat,Rock,1963,1967,0.75,0.02,0,0,0,0,0,0,0,0,0,0,0,0,0,0,0,0,0,0,0,0,0,0,0,0.2525000686813185,0,0,0
1001,1962,BritishBlues,Rock,1964,,0.85,0.02,0,0,0,0,0,0,0,0,0,0,0,0,0,0,0,0,0,0,0,0,0,0,0,0.05250000274725277,0,0,0
1001,1962,BritishPop,Pop,1964,1968,0.8,0.02,0,0,0,0,0,0,0,0,0,0,0,0,0,0,0,0,0,0,0,0,0,0,0,0.2150000576923075,0,0,0
1001,1962,Bubblegum,Pop,1967,1971,0.9,0.02,0,0,0,0,0,0,0,0,0,0,0,0,0,0,0,0,0,0,0,0,0,0,0,0.022499999999999985,0,0,0
1001,1962,Childrens,NonMusic,1950,,0.3,0.35,55,32,20,3,0,3,0,0,55,6,49,10.909090909090908,6,0,49,1195647,0.7933086238513459,503157,29.618307938997084,21739.036363636365,1106667,91276,92.38060575503175,0.4439318708791209,93.61538461538461,0.46153846153846156,1.2835132252747243
1001,1962,Classical,Classical,1945,,0.15,0.4,112,94,15,3,0,3,0,0,112,0,112,0,0,15,97,2302517,1.5277139428814102,991370,30.097268060501165,20558.1875,1381139,925050,59.88836994712923,0.48109144230769196,348.86538461538464,0.9807692307692307,2.0274217445054954
1001,1962,Comedy,NonMusic,1955,,0.15,0.55,92,56,33,3,0,3,0,0,92,8,84,8.695652173913043,8,3,81,2198642,1.4587931549711335,1254938,36.33730795290684,23898.282608695652,1921513,279951,87.28341685351202,0.6535884615384634,154.65384615384616,1.5192307692307692,2.2628088543956033
1001,1962,ContemporaryFolk,Folk,1961,1969,0.5,0.4,35,14,18,3,0,3,0,0,34,16,18,47.05882352941177,16,0,18,584099,0.3875481424558815,366695,38.56723959133104,16688.542857142857,571676,13345,97.71888530497196,0.5117892609890126,24.423076923076923,0.2692307692307692,0.66790496978022
1001,1962,Country,Country,1950,,0.65,0.5,269,215,51,3,0,3,0,0,268,259,9,96.64179104477611,259,0,9,13301188,8.825303076801125,170062,1.262406977823142,49446.795539033454,13252625,59656,99.55187244019262,0.6972161428571438,164.69230769230768,9.288461538461538,8.426814986263745
1001,1962,CountryRock,Country,1968,,0.4,0.02,0,0,0,0,0,0,0,0,0,0,0,0,0,0,0,0,0,0,0,0,0,0,0,0.027500010989010962,0,0,0
1001,1962,DooWop,RhythmAndSoul,1954,1965,0.85,0.5,165,98,64,3,0,3,0,0,165,155,10,93.93939393939394,155,0,10,4988473,3.3098386486559956,2557853,33.895341918703224,30233.169696969697,4987256,8216,99.83553105692515,0.5525000659340671,84.42307692307692,3.173076923076923,4.6252565851648315
1001,1962,EasyListening,Pop,1950,,0.35,0.6,242,163,76,3,0,3,0,0,242,54,188,22.31404958677686,54,6,182,13714591,9.099594874485575,3459253,20.142566801002733,56671.86363636364,11483621,2239449,83.68113694676191,0.7165889093406593,562.8461538461538,29.326923076923077,7.512161593406589
1001,1962,Folk,Folk,1958,1966,0.5,0.5,242,177,62,3,0,3,0,0,241,108,133,44.81327800829875,108,0,133,15091624,10.013252629849733,3396662,18.371968066699097,62362.0826446281,13884474,1216867,91.94199376068656,0.6801265686813187,470.71153846153845,20.096153846153847,7.748550082417578
1001,1962,FolkRock,Folk,1965,,0.55,0.02,0,0,0,0,0,0,0,0,0,0,0,0,0,0,0,0,0,0,0,0,0,0,0,0.051681865384615375,0,0,0
1001,1962,Funk,RhythmAndSoul,1967,,0.7,0.05,0,0,0,0,0,0,0,0,0,0,0,0,0,0,0,0,0,0,0,0,0,0,0,0.05751731043956044,0,0,0
1001,1962,GarageRock,Rock,1963,1968,0.85,0.2,0,0,0,0,0,0,0,0,0,0,0,0,0,0,0,0,0,0,0,0,0,0,0,0.27500010439560435,0,0,0
1001,1962,Gospel,Gospel,1950,,0.7,0.35,65,29,33,3,0,3,0,0,65,55,10,84.61538461538461,55,0,10,1035621,0.6871317958741624,827149,44.404247437955306,15932.63076923077,1024679,14138,98.6390288183578,0.4619039587912084,44.05769230769231,0.28846153846153844,1.4812143351648346
1001,1962,HardRock,Rock,1967,,0.4,0.02,0,0,0,0,0,0,0,0,0,0,0,0,0,0,0,0,0,0,0,0,0,0,0,0.027500005494505465,0,0,0
1001,1962,Jazz,Jazz,1945,,0.3,0.38,168,115,50,3,0,3,0,0,168,28,140,16.666666666666668,28,3,137,11739730,7.789279821457638,2414085,17.056072867986476,69879.34523809524,10241507,1506440,87.17699356321577,0.4615000439560438,502.1923076923077,23.942307692307693,4.960317379120879
1001,1962,LatinPop,Latin,1958,,0.6,0.25,38,24,11,3,0,3,0,0,38,29,9,76.3157894736842,29,0,9,458671,0.3043269960201637,296038,39.22544980913173,12070.28947368421,450937,9327,97.97355430796239,0.33445214285714375,26.365384615384617,0.038461538461538464,0.7153528351648357
1001,1962,ProgressiveRock,Rock,1968,,0.25,0.01,0,0,0,0,0,0,0,0,0,0,0,0,0,0,0,0,0,0,0,0,0,0,0,0.012499999999999982,0,0,0
1001,1962,ProtoMetal,Rock,1968,,0.4,0.01,0,0,0,0,0,0,0,0,0,0,0,0,0,0,0,0,0,0,0,0,0,0,0,0.012499999999999982,0,0,0
1001,1962,ProtoPunk,Rock,1967,,0.4,0.01,0,0,0,0,0,0,0,0,0,0,0,0,0,0,0,0,0,0,0,0,0,0,0,0.012499999999999982,0,0,0
1001,1962,PsychedelicRock,Rock,1966,1971,0.85,0.02,0,0,0,0,0,0,0,0,0,0,0,0,0,0,0,0,0,0,0,0,0,0,0,0.04000000000000009,0,0,0
1001,1962,Reggae,Caribbean,1968,,0.8,0.01,0,0,0,0,0,0,0,0,0,0,0,0,0,0,0,0,0,0,0,0,0,0,0,0.012499999999999982,0,0,0
1001,1962,RnB,RhythmAndSoul,1949,,0.8,0.5,456,364,89,3,0,3,0,0,456,429,27,94.07894736842105,429,0,27,14926705,9.903829309307016,6438698,30.13609432033648,32734.002192982458,14929179,14877,99.90044871352195,0.6073216346153841,213.55769230769232,9.615384615384615,12.365815332417586
1001,1962,RockAndRoll,Rock,1955,,0.85,0.65,533,467,63,3,0,3,0,0,533,498,35,93.43339587242026,498,0,35,18559336,12.314070375081226,7410852,28.5359967359497,34820.51782363978,18531559,48332,99.73986930278546,0.7632342719780215,272.84615384615387,12.326923076923077,16.39959381868131
1001,1962,Rocksteady,Caribbean,1966,1968,0.8,0.01,0,0,0,0,0,0,0,0,0,0,0,0,0,0,0,0,0,0,0,0,0,0,0,0.012499999999999982,0,0,0
1001,1962,SingerSongwriter,Folk,1967,,0.35,0.05,0,0,0,0,0,0,0,0,0,0,0,0,0,0,0,0,0,0,0,0,0,0,0,0.06249999999999999,0,0,0
1001,1962,Ska,Caribbean,1964,1967,0.8,0.02,0,0,0,0,0,0,0,0,0,0,0,0,0,0,0,0,0,0,0,0,0,0,0,0.02750000274725272,0,0,0
1001,1962,Soul,RhythmAndSoul,1960,,0.95,0.55,377,271,103,3,0,3,0,0,377,359,18,95.22546419098143,359,0,18,10260234,6.807638136450633,5822916,36.20507176765746,27215.47480106101,10257339,15832,99.84588984258123,0.7113295439560441,171.51923076923077,6.346153846153846,10.553027005494501
1001,1962,SunshinePop,Pop,1965,1971,0.55,0.03,0,0,0,0,0,0,0,0,0,0,0,0,0,0,0,0,0,0,0,0,0,0,0,0.04249999999999997,0,0,0
1001,1962,SurfRock,Rock,1961,1966,0.8,0.6,70,22,45,3,0,3,0,0,70,63,7,90,63,0,7,1627132,1.0795977807366959,978018,37.54171544824674,23244.742857142857,1619277,9570,99.41246783767905,0.7316645796703297,27.692307692307693,1.0961538461538463,1.758292277472528
1001,1962,TeenPop,Pop,1957,1965,0.9,0.75,377,294,80,3,0,3,0,0,377,341,36,90.45092838196287,341,0,36,15784262,10.47281611188678,6122143,27.946817380578878,41868.06896551724,15728507,71757,99.5458493604917,0.8178294313186815,234.51923076923077,11.903846153846153,13.659291291208794
1001,1962,TexMex,Latin,1959,,0.75,0.2,19,6,10,3,0,3,0,0,19,16,3,84.21052631578948,16,0,3,154882,0.10276379757515734,2253,1.4337989626754064,8151.684210526316,154767,1010,99.35163727636301,0.2399383351648352,9.846153846153847,0,0.3118158241758245
1001,1962,TraditionalPop,Pop,1950,1971,0.45,0.49,342,258,81,3,0,3,0,0,342,234,108,68.42105263157895,234,1,107,19529941,12.958064226822781,4838080,19.85421795229083,57105.09064327485,18820349,724881,96.29126390428765,0.5784908846153849,501.34615384615387,17.596153846153847,10.91659789560439
1001,1963,AcidRock,Rock,1966,1971,0.4,0.035,0,0,0,0,0,0,0,0,0,0,0,0,0,0,0,0,0,0,0,0,0,0,0,0.04245891758241752,0,0,0
1001,1963,BaroquePop,Pop,1966,1970,0.5,0.039999999999999994,0,0,0,0,0,0,0,0,0,0,0,0,0,0,0,0,0,0,0,0,0,0,0,0.04994523076923074,0,0,0
1001,1963,Blues,Blues,1945,,0.5,0.3,101,83,15,3,0,3,0,0,101,70,31,69.3069306930693,70,1,30,2275888,1.510071391275607,1141845,33.40942665796304,22533.544554455446,2143663,136489,94.0140394149162,0.38006236538461446,133.32692307692307,1.0769230769230769,2.102405782967034
1001,1963,BluesRock,Rock,1966,,0.45,0.07500000000000001,0,0,0,0,0,0,0,0,0,0,0,0,0,0,0,0,0,0,0,0,0,0,0,0.11339323626373628,0,0,0
1001,1963,Boogaloo,Latin,1966,1969,0.7,0.07500000000000001,0,0,0,0,0,0,0,0,0,0,0,0,0,0,0,0,0,0,0,0,0,0,0,0.07485388461538461,0,0,0
1001,1963,BossaNova,Jazz,1962,1967,0.45,0.525,56,15,38,3,0,3,0,0,56,56,0,100,56,0,0,2295292,1.5229461132638207,627953,21.4813674529504,40987.357142857145,2297009,0,100,0.6789520329670333,21.23076923076923,1.9038461538461537,1.5391860302197804
1001,1963,BritishBeat,Rock,1963,1967,0.75,0.485,3,0,0,3,0,3,0,0,3,2,1,66.66666666666667,2,0,1,89881,0.05963682163588139,59670,39.89943230068672,29960.333333333332,89115,906,98.9935681674276,0.7093607225274723,2.2115384615384617,0.038461538461538464,0.08545507967032966
1001,1963,BritishBlues,Rock,1964,,0.85,0.085,0,0,0,0,0,0,0,0,0,0,0,0,0,0,0,0,0,0,0,0,0,0,0,0.11732196153846151,0,0,0
1001,1963,BritishPop,Pop,1964,1968,0.8,0.41000000000000003,0,0,0,0,0,0,0,0,0,0,0,0,0,0,0,0,0,0,0,0,0,0,0,0.5887751236263736,0,0,0
1001,1963,Bubblegum,Pop,1967,1971,0.9,0.025,0,0,0,0,0,0,0,0,0,0,0,0,0,0,0,0,0,0,0,0,0,0,0,0.027486368131868118,0,0,0
1001,1963,Childrens,NonMusic,1950,,0.3,0.35,37,19,15,3,0,3,0,0,37,9,28,24.324324324324323,9,1,27,681438,0.45214001248219027,355904,34.309224922928024,18417.243243243243,576338,106739,84.37379680475262,0.4364093763736271,100.71153846153847,0.19230769230769232,0.8061927857142853
1001,1963,Classical,Classical,1945,,0.15,0.4,140,114,23,3,0,3,0,0,140,0,140,0,0,19,121,2613096,1.7338118186205662,1140893,30.391484897798048,18664.97142857143,1586584,1031046,60.61146915339448,0.48736499725274823,433.4423076923077,5.846153846153846,2.3434160164835136
1001,1963,Comedy,NonMusic,1955,,0.15,0.47500000000000003,74,47,24,3,0,3,0,0,74,6,68,8.108108108108109,6,5,63,2816491,1.8687661619926927,893694,24.08758592900354,38060.68918918919,2440865,378703,86.56875805087871,0.5598059917582419,203.19230769230768,3.6153846153846154,1.835267837912088
1001,1963,ContemporaryFolk,Folk,1961,1969,0.5,0.47500000000000003,59,27,29,3,0,3,0,0,59,17,42,28.8135593220339,17,1,41,1555174,1.0318714127653252,759466,32.81140911761656,26358.881355932204,1506459,50711,96.74338704187726,0.6553380549450545,56.71153846153846,1.1346153846153846,1.4658705934065939
1001,1963,Country,Country,1950,,0.65,0.5,218,166,49,3,0,3,0,0,218,207,11,94.95412844036697,207,0,11,14186389,9.412791918761805,259376,1.7955158484164737,65075.178899082566,14118310,78091,99.44992396312277,0.6972161428571438,150.98076923076923,11.634615384615385,7.5709377884615385
1001,1963,CountryRock,Country,1968,,0.4,0.035,0,0,0,0,0,0,0,0,0,0,0,0,0,0,0,0,0,0,0,0,0,0,0,0.042458909340659275,0,0,0
1001,1963,DooWop,RhythmAndSoul,1954,1965,0.85,0.35,122,68,51,3,0,3,0,0,122,112,10,91.80327868852459,112,0,10,2842514,1.8860326477842453,1830430,39.170809665170395,23299.29508196721,2844690,3660,99.87150455526884,0.3580342335164824,59.84615384615385,1.5961538461538463,2.817965164835165
1001,1963,EasyListening,Pop,1950,,0.35,0.56,214,148,63,3,0,3,0,0,214,47,167,21.962616822429908,47,13,154,13423434,8.906564671054237,3686313,21.54510525491698,62726.32710280374,10911656,2521530,81.22909933652375,0.6759100412087912,671.1538461538462,42.96153846153846,6.5424033516483515
1001,1963,Folk,Folk,1958,1966,0.5,0.55,272,210,59,3,0,3,0,0,271,97,174,35.79335793357934,97,0,174,15393436,10.213678053152007,4509547,22.657643831580422,56593.51470588235,13871834,1532934,90.04896406099722,0.7359305741758242,566.5,32.86538461538461,8.82468168406593
1001,1963,FolkRock,Folk,1965,,0.55,0.06,0,0,0,0,0,0,0,0,0,0,0,0,0,0,0,0,0,0,0,0,0,0,0,0.10385757692307679,0,0,0
1001,1963,Funk,RhythmAndSoul,1967,,0.7,0.07500000000000001,0,0,0,0,0,0,0,0,0,0,0,0,0,0,0,0,0,0,0,0,0,0,0,0.08046123076923078,0,0,0
1001,1963,GarageRock,Rock,1963,1968,0.85,0.35,20,5,12,3,0,3,0,0,20,19,1,95,19,0,1,279478,0.18543607255318542,210066,42.91054532381155,13973.9,279363,545,99.80529316775512,0.47217134065934047,7.211538461538462,0.1346153846153846,0.3620482747252748
1001,1963,Gospel,Gospel,1950,,0.7,0.365,78,37,38,3,0,3,0,0,78,57,21,73.07692307692308,57,0,21,1530364,1.0154097629752004,994082,39.37822397468593,19620.05128205128,1518988,13650,99.10937873131164,0.48123146153846186,42.59615384615385,0.7115384615384616,1.5394198214285706
1001,1963,HardRock,Rock,1967,,0.4,0.035,0,0,0,0,0,0,0,0,0,0,0,0,0,0,0,0,0,0,0,0,0,0,0,0.042458912087912026,0,0,0
1001,1963,Jazz,Jazz,1945,,0.3,0.33,140,94,43,3,0,3,0,0,140,24,116,17.142857142857142,24,1,115,8284998,5.497167899552008,2025486,19.64491676627402,59178.55714285714,6996281,1295615,84.37492462520032,0.3966781098901093,522.3461538461538,18.46153846153846,3.7136516923076917
1001,1963,LatinPop,Latin,1958,,0.6,0.275,48,30,15,3,0,3,0,0,48,27,21,56.25,27,0,21,915631,0.6075290954849603,463101,33.588906328423505,19075.645833333332,901574,15573,98.30201701581099,0.3730303131868129,31.51923076923077,0.40384615384615385,0.8999783846153847
1001,1963,ProgressiveRock,Rock,1968,,0.25,0.015,0,0,0,0,0,0,0,0,0,0,0,0,0,0,0,0,0,0,0,0,0,0,0,0.017486368131868137,0,0,0
1001,1963,ProtoMetal,Rock,1968,,0.4,0.015,0,0,0,0,0,0,0,0,0,0,0,0,0,0,0,0,0,0,0,0,0,0,0,0.017486368131868137,0,0,0
1001,1963,ProtoPunk,Rock,1967,,0.4,0.015,0,0,0,0,0,0,0,0,0,0,0,0,0,0,0,0,0,0,0,0,0,0,0,0.01748636538461539,0,0,0
1001,1963,PsychedelicRock,Rock,1966,1971,0.85,0.06,0,0,0,0,0,0,0,0,0,0,0,0,0,0,0,0,0,0,0,0,0,0,0,0.07989042307692291,0,0,0
1001,1963,Reggae,Caribbean,1968,,0.8,0.015,0,0,0,0,0,0,0,0,0,0,0,0,0,0,0,0,0,0,0,0,0,0,0,0.01748636538461539,0,0,0
1001,1963,RnB,RhythmAndSoul,1949,,0.8,0.525,468,359,106,3,0,3,0,0,467,435,32,93.14775160599572,435,0,32,17912755,11.885268020407457,6838091,27.627706139822454,38275.11752136752,17906738,23485,99.86902003393935,0.6353889560439564,218.1153846153846,13.096153846153847,12.923371401098892
1001,1963,RockAndRoll,Rock,1955,,0.85,0.575,420,307,110,3,0,3,0,0,419,400,19,95.4653937947494,400,0,19,14349726,9.521167432335751,6672268,31.73946296436009,34166.014285714286,14315381,54190,99.62288366159297,0.6894135604395599,237.6346153846154,9.673076923076923,13.065410134615387
1001,1963,Rocksteady,Caribbean,1966,1968,0.8,0.015,0,0,0,0,0,0,0,0,0,0,0,0,0,0,0,0,0,0,0,0,0,0,0,0.017486368131868137,0,0,0
1001,1963,SingerSongwriter,Folk,1967,,0.35,0.07500000000000001,0,0,0,0,0,0,0,0,0,0,0,0,0,0,0,0,0,0,0,0,0,0,0,0.08743151923076922,0,0,0
1001,1963,Ska,Caribbean,1964,1967,0.8,0.035,0,0,0,0,0,0,0,0,0,0,0,0,0,0,0,0,0,0,0,0,0,0,0,0.04245891483516477,0,0,0
1001,1963,Soul,RhythmAndSoul,1960,,0.95,0.65,441,328,110,3,0,3,0,0,440,409,31,92.95454545454545,409,0,31,14736767,9.777972486604988,7969249,35.09752217209748,33416.705215419504,14729561,22714,99.84603052749492,0.8089790439560446,206.42307692307693,10.73076923076923,13.890354271978017
1001,1963,SunshinePop,Pop,1965,1971,0.55,0.055,0,0,0,0,0,0,0,0,0,0,0,0,0,0,0,0,0,0,0,0,0,0,0,0.06743151923076923,0,0,0
1001,1963,SurfRock,Rock,1961,1966,0.8,0.625,91,37,51,3,0,3,0,0,91,84,7,92.3076923076923,84,0,7,3221005,2.1371647030327003,1213378,27.362949930125566,35395.65934065934,3190262,33599,98.95780246108626,0.7756524835164833,44.78846153846154,2.730769230769231,2.65211590934066
1001,1963,TeenPop,Pop,1957,1965,0.9,0.625,336,251,82,3,0,3,0,0,336,318,18,94.64285714285714,318,0,18,12160574,8.0686461279685,4825006,28.40648361728007,36192.18452380953,12122806,51299,99.57862200137095,0.6988725961538459,191.51923076923077,8.76923076923077,10.071877826923071
1001,1963,TexMex,Latin,1959,,0.75,0.225,32,17,12,3,0,3,0,0,31,26,5,83.87096774193549,26,0,5,718410,0.47667125456362913,7784,1.071889880665497,22450.3125,713534,5712,99.20583499942995,0.32618748351648363,14.288461538461538,0.5384615384615384,0.5211867362637363
1001,1963,TraditionalPop,Pop,1950,1971,0.45,0.4,273,184,86,3,0,3,0,0,273,166,107,60.8058608058608,166,0,107,18431193,12.229256121733243,3906107,17.486925456523394,67513.52747252748,17703390,740973,95.98265876680045,0.4618205741758242,435.9230769230769,22.26923076923077,7.751424939560451
1001,1964,AcidRock,Rock,1966,1971,0.4,0.05,0,0,0,0,0,0,0,0,0,0,0,0,0,0,0,0,0,0,0,0,0,0,0,0.06232929670329685,0,0,0
1001,1964,BaroquePop,Pop,1966,1970,0.5,0.06,0,0,0,0,0,0,0,0,0,0,0,0,0,0,0,0,0,0,0,0,0,0,0,0.08959030769230779,0,0,0
1001,1964,Blues,Blues,1945,,0.5,0.3,95,77,15,3,0,3,0,0,95,42,53,44.21052631578947,42,1,52,2379506,1.4738299863385997,1086297,31.343299085377904,25047.43157894737,2229886,153580,93.55644259242632,0.40378512912087927,142.03846153846155,1.1923076923076923,2.021769697802199
1001,1964,BluesRock,Rock,1966,,0.45,0.1,0,0,0,0,0,0,0,0,0,0,0,0,0,0,0,0,0,0,0,0,0,0,0,0.15502221978021954,0,0,0
1001,1964,Boogaloo,Latin,1966,1969,0.7,0.1,0,0,0,0,0,0,0,0,0,0,0,0,0,0,0,0,0,0,0,0,0,0,0,0.13839248901098922,0,0,0
1001,1964,BossaNova,Jazz,1962,1967,0.45,0.55,62,31,28,3,0,3,0,0,62,62,0,100,62,0,0,2104420,1.303445883242436,889764,29.716410213934747,33942.25806451613,2106535,0,100,0.6598566510989016,25.326923076923077,1.1923076923076923,1.6269159120879115
1001,1964,BritishBeat,Rock,1963,1967,0.75,0.95,205,44,158,3,0,3,0,0,205,160,45,78.04878048780488,160,0,45,7853039,4.864053447264471,2511715,24.233233128350175,38307.50731707317,7761209,95915,98.77926070658933,0.9501341483516482,85.07692307692308,8.788461538461538,5.955381972527473
1001,1964,BritishBlues,Rock,1964,,0.85,0.15,7,1,3,3,0,3,0,0,7,6,1,85.71428571428571,6,1,0,58621,0.036308959771126886,87373,59.84698001287724,8374.42857142857,58458,291,99.50467241995608,0.27713352197802193,2.5384615384615383,0,0.08965289560439553
1001,1964,BritishPop,Pop,1964,1968,0.8,0.8,155,29,123,3,0,3,0,0,155,127,28,81.93548387096774,127,0,28,8175529,5.063798870177602,1771217,17.806999394575875,52745.348387096776,8086880,91931,98.87598576370085,0.8755008736263736,60.76923076923077,8.51923076923077,4.448003475274726
1001,1964,Bubblegum,Pop,1967,1971,0.9,0.03,0,0,0,0,0,0,0,0,0,0,0,0,0,0,0,0,0,0,0,0,0,0,0,0.034931711538461564,0,0,0
1001,1964,Childrens,NonMusic,1950,,0.3,0.35,33,16,14,3,0,3,0,0,33,2,31,6.0606060606060606,2,6,25,1307639,0.809931796560219,447902,25.5136166002389,39625.42424242424,1165395,143696,89.0232229844984,0.44326721428571403,99.11538461538461,1.5576923076923077,0.630024403846154
1001,1964,Classical,Classical,1945,,0.15,0.4,93,72,18,3,0,3,0,0,90,0,90,0,0,24,66,2344718,1.4522828258923781,997313,29.841524510095805,25212.021505376346,1141086,1207044,48.59552069093279,0.47015771153846253,415.0576923076923,10.442307692307692,1.3795231840659343
1001,1964,Comedy,NonMusic,1955,,0.15,0.4,56,37,16,3,0,3,0,0,56,1,55,1.7857142857142858,1,7,48,2301392,1.425447357527051,811677,26.07320942773835,41096.28571428572,1851740,452593,80.35904532895202,0.501978239010989,208.92307692307693,5.0576923076923075,1.3148885082417583
1001,1964,ContemporaryFolk,Folk,1961,1969,0.5,0.55,65,34,28,3,0,3,0,0,64,21,43,32.8125,21,1,42,1854557,1.148684524424042,920966,33.181710257850504,28531.646153846155,1727258,129419,93.0295361013251,0.6671045576923075,89.3076923076923,2.1923076923076925,1.6505888763736276
1001,1964,Country,Country,1950,,0.65,0.5,209,176,30,3,0,3,0,0,208,208,0,100,208,0,0,15013237,9.298971670005523,259300,1.6978187710398083,71833.66985645932,14923964,98740,99.34272817996015,0.7029287060439562,145.32692307692307,12.596153846153847,7.352671348901101
1001,1964,CountryRock,Country,1968,,0.4,0.05,0,0,0,0,0,0,0,0,0,0,0,0,0,0,0,0,0,0,0,0,0,0,0,0.06232929395604411,0,0,0
1001,1964,DooWop,RhythmAndSoul,1954,1965,0.85,0.2,63,35,25,3,0,3,0,0,63,46,17,73.01587301587301,46,0,17,1954592,1.210644688711664,517759,20.941969809302968,31025.26984126984,1953111,4041,99.79352651199294,0.2279439780219783,34.71153846153846,1.2692307692307692,1.2781335384615378
1001,1964,EasyListening,Pop,1950,,0.35,0.52,169,114,52,3,0,3,0,0,169,41,128,24.2603550295858,41,10,118,13209460,8.18173950867965,3798963,22.33577445716161,78162.48520710059,10331166,2885891,78.16540399273454,0.6302571291208792,628.0576923076923,67.26923076923077,5.035784686813189
1001,1964,Folk,Folk,1958,1966,0.5,0.6,240,206,31,3,0,3,0,0,240,125,115,52.083333333333336,125,2,113,15424321,9.553590875043886,5121194,24.926092142250997,64268.004166666666,13531627,1902806,87.67168188167327,0.7227637087912091,596.5192307692307,46.23076923076923,8.16349468681318
1001,1964,FolkRock,Folk,1965,,0.55,0.1,0,0,0,0,0,0,0,0,0,0,0,0,0,0,0,0,0,0,0,0,0,0,0,0.33771470879120874,0,0,0
1001,1964,Funk,RhythmAndSoul,1967,,0.7,0.1,0,0,0,0,0,0,0,0,0,0,0,0,0,0,0,0,0,0,0,0,0,0,0,0.12606682417582427,0,0,0
1001,1964,GarageRock,Rock,1963,1968,0.85,0.5,44,12,29,3,0,3,0,0,44,43,1,97.72727272727273,43,0,1,1697292,1.051276964703016,567607,25.06102921145711,38574.818181818184,1696722,1683,99.90090702747578,0.6813359780219782,18.076923076923077,1.2115384615384615,1.2045088626373628
1001,1964,Gospel,Gospel,1950,,0.7,0.38,66,36,27,3,0,3,0,0,66,54,12,81.81818181818181,54,0,12,2045523,1.2669659732504528,1110670,35.19018006820242,30992.772727272728,2020776,27268,98.66858329215583,0.5228346318681321,50.59615384615385,1.3461538461538463,1.6917903736263729
1001,1964,HardRock,Rock,1967,,0.4,0.05,0,0,0,0,0,0,0,0,0,0,0,0,0,0,0,0,0,0,0,0,0,0,0,0.07465856868131877,0,0,0
1001,1964,Jazz,Jazz,1945,,0.3,0.28,108,70,35,3,0,3,0,0,108,34,74,31.48148148148148,34,0,74,7701037,4.769905710052024,1832691,19.22323565346106,71305.89814814815,6571860,1134795,85.27512909297224,0.35438323901098917,467.59615384615387,20.5,2.7481578571428593
1001,1964,LatinPop,Latin,1958,,0.6,0.3,43,29,11,3,0,3,0,0,43,26,17,60.46511627906977,26,1,16,695559,0.43081871256794063,436183,38.540851183396924,16175.790697674418,668862,28548,95.90656858949542,0.39863789285714296,42.51923076923077,0.1346153846153846,0.8509052362637365
1001,1964,ProgressiveRock,Rock,1968,,0.25,0.02,0,0,0,0,0,0,0,0,0,0,0,0,0,0,0,0,0,0,0,0,0,0,0,0.02739759340659344,0,0,0
1001,1964,ProtoMetal,Rock,1968,,0.4,0.02,0,0,0,0,0,0,0,0,0,0,0,0,0,0,0,0,0,0,0,0,0,0,0,0.02739759340659344,0,0,0
1001,1964,ProtoPunk,Rock,1967,,0.4,0.02,0,0,0,0,0,0,0,0,0,0,0,0,0,0,0,0,0,0,0,0,0,0,0,0.027397596153846186,0,0,0
1001,1964,PsychedelicRock,Rock,1966,1971,0.85,0.1,0,0,0,0,0,0,0,0,0,0,0,0,0,0,0,0,0,0,0,0,0,0,0,0.21096356043956058,0,0,0
1001,1964,Reggae,Caribbean,1968,,0.8,0.02,0,0,0,0,0,0,0,0,0,0,0,0,0,0,0,0,0,0,0,0,0,0,0,0.022465846153846145,0,0,0
1001,1964,RnB,RhythmAndSoul,1949,,0.8,0.55,400,335,62,3,0,3,0,0,400,372,28,93,372,0,28,19876900,12.311450887475685,6585438,24.88607771543089,49692.25,19855730,37228,99.81285839943965,0.6356582417582416,212.6346153846154,13.98076923076923,11.92482362362637
1001,1964,RockAndRoll,Rock,1955,,0.85,0.5,309,243,63,3,0,3,0,0,309,290,19,93.85113268608414,290,0,19,11528447,7.140545510082879,4565462,28.367638962044584,37308.889967637544,11482096,58775,99.4907230138869,0.5666540384615385,176,7.423076923076923,8.224106546703295
1001,1964,Rocksteady,Caribbean,1966,1968,0.8,0.02,0,0,0,0,0,0,0,0,0,0,0,0,0,0,0,0,0,0,0,0,0,0,0,0.03479513461538463,0,0,0
1001,1964,SingerSongwriter,Folk,1967,,0.35,0.1,0,0,0,0,0,0,0,0,0,0,0,0,0,0,0,0,0,0,0,0,0,0,0,0.12465863736263763,0,0,0
1001,1964,Ska,Caribbean,1964,1967,0.8,0.05,7,0,4,3,0,3,0,0,7,6,1,85.71428571428571,6,0,1,86090,0.053322842440359494,5992,6.5072435437979195,12298.57142857143,85915,343,99.6023557235271,0.06639985989010978,2.6346153846153846,0.057692307692307696,0.08118778021978022
1001,1964,Soul,RhythmAndSoul,1960,,0.95,0.75,410,318,89,3,0,3,0,0,409,367,42,89.73105134474328,367,0,42,17304017,10.717846115417611,7503008,30.245496991275658,42204.91951219512,17276270,44560,99.74273750160934,0.874623697802198,226.80769230769232,11.288461538461538,14.452896758241753
1001,1964,SunshinePop,Pop,1965,1971,0.55,0.08,0,0,0,0,0,0,0,0,0,0,0,0,0,0,0,0,0,0,0,0,0,0,0,0.11452201373626372,0,0,0
1001,1964,SurfRock,Rock,1961,1966,0.8,0.65,89,50,36,3,0,3,0,0,89,81,8,91.01123595505618,81,0,8,2825113,1.7498322148357688,1175928,29.390551109073865,31742.842696629214,2772638,55642,98.03265588979875,0.7225039505494506,53.09615384615385,2.1538461538461537,2.606894359890112
1001,1964,TeenPop,Pop,1957,1965,0.9,0.5,252,186,63,3,0,3,0,0,252,230,22,91.26984126984127,230,1,21,10382505,6.430766386935122,3962598,27.623349933423274,41200.416666666664,10349729,44655,99.5703930122266,0.5993446565934057,156.1346153846154,6.980769230769231,7.336955074175815
1001,1964,TexMex,Latin,1959,,0.75,0.25,34,18,13,3,0,3,0,0,34,30,4,88.23529411764706,30,0,4,1121442,0.694604194122449,14890,1.3103564803244123,32983.58823529412,1115095,7485,99.3332323754209,0.3191506098901092,16.826923076923077,0.4230769230769231,0.5709997500000005
1001,1964,TraditionalPop,Pop,1950,1971,0.45,0.31,229,173,53,3,0,3,0,0,228,215,13,94.29824561403508,215,0,13,12205552,7.559934094478042,2838214,18.866379602022526,53299.35371179039,11638156,577894,95.26938740427552,0.354915868131868,321.4807692307692,18.192307692307693,5.556498428571433
1001,1965,AcidRock,Rock,1966,1971,0.4,0.07500000000000001,0,0,0,0,0,0,0,0,0,0,0,0,0,0,0,0,0,0,0,0,0,0,0,0.08746569811320756,0,0,0
1001,1965,BaroquePop,Pop,1966,1970,0.5,0.12,0,0,0,0,0,0,0,0,0,0,0,0,0,0,0,0,0,0,0,0,0,0,0,0.14991770350404324,0,0,0
1001,1965,Blues,Blues,1945,,0.5,0.32499999999999996,65,51,11,3,0,3,0,0,65,21,44,32.30769230769231,21,2,42,2153645,1.2668197006535127,891096,29.26672580689129,33133,1827682,328742,84.75522439000865,0.42812528571428604,162.35849056603774,1.6981132075471699,1.3703740781671159
1001,1965,BluesRock,Rock,1966,,0.45,0.14,0,0,0,0,0,0,0,0,0,0,0,0,0,0,0,0,0,0,0,0,0,0,0,0.2038437088948785,0,0,0
1001,1965,Boogaloo,Latin,1966,1969,0.7,0.22499999999999998,0,0,0,0,0,0,0,0,0,0,0,0,0,0,0,0,0,0,0,0,0,0,0,0.24599426954177936,0,0,0
1001,1965,BossaNova,Jazz,1962,1967,0.45,0.47500000000000003,61,24,34,3,0,3,0,0,61,61,0,100,61,0,0,2868350,1.687224351445806,773715,21.243854791169294,47022.13114754098,2870762,0,100,0.5611627196765521,24.67924528301887,1.6037735849056605,1.575735150943397
1001,1965,BritishBeat,Rock,1963,1967,0.75,0.825,192,84,105,3,0,3,0,0,192,71,121,36.979166666666664,71,3,118,12057774,7.092638596067461,3557721,22.78327392119174,62800.90625,11577123,487473,95.95947514529288,0.8847519811320751,178.0943396226415,17.67924528301887,7.124650884097031
1001,1965,BritishBlues,Rock,1964,,0.85,0.4,36,6,27,3,0,3,0,0,36,18,18,50,18,0,18,1442299,0.8483908849568339,679645,32.02935609987823,40063.86111111111,1423737,19430,98.65365546745457,0.6570499272237205,20.528301886792452,0.8301886792452831,0.8539797601078166
1001,1965,BritishPop,Pop,1964,1968,0.8,0.775,172,57,112,3,0,3,0,0,169,64,105,37.8698224852071,64,3,102,12118187,7.128174804948489,3067541,20.20015767436372,70454.57558139534,11632955,491009,95.95009519988677,0.8669726415094341,137.52830188679246,18.67924528301887,5.855866574123989
1001,1965,Bubblegum,Pop,1967,1971,0.9,0.04,0,0,0,0,0,0,0,0,0,0,0,0,0,0,0,0,0,0,0,0,0,0,0,0.04498626415094335,0,0,0
1001,1965,Childrens,NonMusic,1950,,0.3,0.35,42,20,19,3,0,3,0,0,42,0,42,0,0,7,35,1403659,0.8256620168131743,302848,17.74666028325697,33420.45238095238,1121708,283086,79.84857566305095,0.4296336549865235,111.83018867924528,3.358490566037736,0.6887023288409707
1001,1965,Classical,Classical,1945,,0.15,0.4,111,91,17,3,0,3,0,0,110,0,110,0,0,42,68,2042605,1.2015036158017538,759565,27.106314035194153,18401.846846846845,599850,1445241,29.331213134281064,0.430577002695419,397,9.377358490566039,1.0870165471698119
1001,1965,Comedy,NonMusic,1955,,0.15,0.375,42,27,12,3,0,3,0,0,42,0,42,0,0,7,35,1202332,0.7072372021972698,401747,25.04533754260233,28626.95238095238,609875,593844,50.6658946149392,0.44046226415094336,202.64150943396226,3.9622641509433962,0.6919284312668463
1001,1965,ContemporaryFolk,Folk,1961,1969,0.5,0.5,76,41,32,3,0,3,0,0,76,7,69,9.210526315789474,7,13,56,2522658,1.4838809796466867,1171064,31.70417264753547,33192.86842105263,2129604,395679,84.33130068986327,0.6161943854447448,140.35849056603774,4.3584905660377355,1.780948420485174
1001,1965,Country,Country,1950,,0.65,0.51,187,142,42,3,0,3,0,0,186,148,38,79.56989247311827,148,0,38,15230333,8.95880513822534,354753,2.2762338302143474,81445.63101604278,15127930,110957,99.27188252002918,0.7144020215633422,143.28301886792454,11.11320754716981,6.558867805929925
1001,1965,CountryRock,Country,1968,,0.4,0.07500000000000001,0,0,0,0,0,0,0,0,0,0,0,0,0,0,0,0,0,0,0,0,0,0,0,0.08746570889487873,0,0,0
1001,1965,DooWop,RhythmAndSoul,1954,1965,0.85,0.15000000000000002,48,40,5,3,0,3,0,0,48,37,11,77.08333333333333,37,0,11,1152507,0.6779290796491891,385217,25.05111450429336,24010.5625,1146343,8211,99.28881628750149,0.16258926684636132,33.679245283018865,0.4716981132075472,0.9503008113207547
1001,1965,EasyListening,Pop,1950,,0.35,0.47,159,97,59,3,0,3,0,0,159,32,127,20.12578616352201,32,38,89,9534478,5.608382331279064,3365997,26.09203924661689,59965.270440251574,5912396,3628337,61.97003940892173,0.5769945741239887,600.3584905660377,61.22641509433962,3.446368703504043
1001,1965,Folk,Folk,1958,1966,0.5,0.525,191,149,39,3,0,3,0,0,189,48,141,25.396825396825395,48,19,122,12976747,7.633198020099119,4479023,25.65926911273464,67941.08376963351,10436071,2549224,80.36837823091427,0.633726819407009,576.433962264151,35.9811320754717,5.566447493261456
1001,1965,FolkRock,Folk,1965,,0.55,0.42500000000000004,23,8,12,3,0,3,0,0,23,20,3,86.95652173913044,20,0,3,463950,0.2729052374547324,344455,42.60921196677408,20171.739130434784,457983,6594,98.58064432806617,0.7435667654986531,8.981132075471699,0.16981132075471697,0.5342368247978436
1001,1965,Funk,RhythmAndSoul,1967,,0.7,0.175,0,0,0,0,0,0,0,0,0,0,0,0,0,0,0,0,0,0,0,0,0,0,0,0.19546416172506736,0,0,0
1001,1965,GarageRock,Rock,1963,1968,0.85,0.575,66,27,36,3,0,3,0,0,64,38,26,59.375,38,0,26,2776553,1.6332274076315327,1079879,28.00202363220718,42068.98484848485,2753124,25496,99.08242220958606,0.7727126253369272,37.679245283018865,1.6981132075471699,1.8975392264150945
1001,1965,Gospel,Gospel,1950,,0.7,0.43,80,44,33,3,0,3,0,0,79,29,50,36.70886075949367,29,1,49,3110385,1.829594475699187,1428020,31.46523943984726,38879.8125,3031690,81542,97.38079269389496,0.5877891105121289,75.32075471698113,2.2452830188679247,2.0634074016172517
1001,1965,HardRock,Rock,1967,,0.4,0.1,0,0,0,0,0,0,0,0,0,0,0,0,0,0,0,0,0,0,0,0,0,0,0,0.12493141509433969,0,0,0
1001,1965,Jazz,Jazz,1945,,0.3,0.265,124,77,44,3,0,3,0,0,124,18,106,14.516129032258064,18,14,92,8797369,5.174799172156271,2250923,20.37349302498522,70946.5241935484,7243882,1558239,82.29700546038846,0.3347768328840965,460.35849056603774,22.18867924528302,2.78486711051213
1001,1965,LatinPop,Latin,1958,,0.6,0.32499999999999996,35,20,12,3,0,3,0,0,35,10,25,28.571428571428573,10,1,24,799413,0.47023169434076945,542471,40.426072596439035,22840.371428571427,738698,61800,92.2798058208765,0.4158266010781683,50.283018867924525,0.18867924528301888,0.6748581266846362
1001,1965,ProgressiveRock,Rock,1968,,0.25,0.035,0,0,0,0,0,0,0,0,0,0,0,0,0,0,0,0,0,0,0,0,0,0,0,0.04247942318059301,0,0,0
1001,1965,ProtoMetal,Rock,1968,,0.4,0.035,0,0,0,0,0,0,0,0,0,0,0,0,0,0,0,0,0,0,0,0,0,0,0,0.04247941509433965,0,0,0
1001,1965,ProtoPunk,Rock,1967,,0.4,0.035,0,0,0,0,0,0,0,0,0,0,0,0,0,0,0,0,0,0,0,0,0,0,0,0.04247941509433965,0,0,0
1001,1965,PsychedelicRock,Rock,1966,1971,0.85,0.32500000000000007,0,0,0,0,0,0,0,0,0,0,0,0,0,0,0,0,0,0,0,0,0,0,0,0.43719121024258667,0,0,0
1001,1965,Reggae,Caribbean,1968,,0.8,0.025,0,0,0,0,0,0,0,0,0,0,0,0,0,0,0,0,0,0,0,0,0,0,0,0.027493132075471678,0,0,0
1001,1965,RnB,RhythmAndSoul,1949,,0.8,0.525,391,318,70,3,0,3,0,0,391,320,71,81.84143222506394,320,1,70,24735120,14.549722593105509,7142669,22.406412816146062,63261.17647058824,24632776,115062,99.53506241636138,0.6073602668463615,224.9433962264151,16.50943396226415,10.766414180592989
1001,1965,RockAndRoll,Rock,1955,,0.85,0.37,191,128,60,3,0,3,0,0,191,156,35,81.67539267015707,156,1,34,7767997,4.569300713078239,2806276,26.538713347007402,40670.141361256545,7659311,117197,98.49293538950901,0.39673203773584864,141.77358490566039,4.509433962264151,4.304221369272237
1001,1965,Rocksteady,Caribbean,1966,1968,0.8,0.05,0,0,0,0,0,0,0,0,0,0,0,0,0,0,0,0,0,0,0,0,0,0,0,0.06495881940700803,0,0,0
1001,1965,SingerSongwriter,Folk,1967,,0.35,0.15000000000000002,0,0,0,0,0,0,0,0,0,0,0,0,0,0,0,0,0,0,0,0,0,0,0,0.17493141509433965,0,0,0
1001,1965,Ska,Caribbean,1964,1967,0.8,0.07500000000000001,9,1,5,3,0,3,0,0,9,6,3,66.66666666666667,6,1,2,49322,0.029012247271779958,6236,11.224306130530257,5480.222222222223,48142,1425,97.1251033954042,0.08778637196765492,4.245283018867925,0,0.10584845283018862
1001,1965,Soul,RhythmAndSoul,1960,,0.95,0.8,361,268,90,3,0,3,0,0,361,274,87,75.90027700831025,274,0,87,21742096,12.789162348622884,7208731,24.899913912649197,60227.41274238227,21608932,145926,99.32922568375302,0.9137910700808624,240.33962264150944,15.339622641509434,13.19226741239893
1001,1965,SunshinePop,Pop,1965,1971,0.55,0.15000000000000002,21,2,16,3,0,3,0,0,21,14,7,66.66666666666667,14,0,7,798503,0.46969641302579196,114720,12.562101480142308,38023.95238095238,775902,23056,97.11424129929233,0.23548271698113232,10.81132075471698,0.5471698113207547,0.34386454447439324
1001,1965,SurfRock,Rock,1961,1966,0.8,0.525,85,37,45,3,0,3,0,0,85,51,34,60,51,0,34,3729921,2.1940187007056644,1507684,28.785752266541675,43881.42352941177,3611827,121460,96.74656676542682,0.5967976495956865,73.32075471698113,3.6226415094339623,2.345387924528301
1001,1965,TeenPop,Pop,1957,1965,0.9,0.425,158,132,23,3,0,3,0,0,158,132,26,83.54430379746836,132,0,26,7950651,4.676741672755051,2573666,24.454470537137944,50320.57594936709,7860681,97243,98.77803557812314,0.5038838894878731,119.77358490566037,4.773584905660377,4.067017927223722
1001,1965,TexMex,Latin,1959,,0.75,0.275,31,17,11,3,0,3,0,0,30,10,20,33.333333333333336,10,0,20,1197282,0.7042666850097573,22398,1.836383313656041,38622,1155191,43523,96.3691923177672,0.38331578167115876,28.641509433962263,0.9811320754716981,0.6395559056603772
1001,1965,TraditionalPop,Pop,1950,1971,0.45,0.235,189,132,54,3,0,3,0,0,186,108,78,58.064516129032256,108,0,78,9379930,5.51747391735913,2170037,18.788252814921464,49629.25925925926,8939888,447884,95.22907032680385,0.25688388679245444,270.3018867924528,6.886792452830188,4.151094989218324
1001,1966,AcidRock,Rock,1966,1971,0.4,0.1,14,3,8,3,0,3,0,0,14,11,3,78.57142857142857,11,0,3,305615,0.18359215111910504,20292,6.2263160963096835,21829.64285714286,294643,11220,96.33169098583353,0.14586873351648363,6.403846153846154,0.28846153846153844,0.1923278928571428
1001,1966,BaroquePop,Pop,1966,1970,0.5,0.18,18,1,14,3,1,3,0,0,18,10,8,55.55555555555556,10,0,8,928698,0.5578969080706464,175030,15.858073728309874,51594.333333333336,873332,55933,93.98094192722205,0.18808011538461517,10.98076923076923,1.5,0.33660158241758226
1001,1966,Blues,Blues,1945,,0.5,0.35,66,49,14,3,2,3,0,0,65,5,60,7.6923076923076925,5,10,50,2498100,1.500684039430775,983356,28.245538648197765,37850,1977091,522834,79.08601258037741,0.47879935989011047,192.44230769230768,1.75,1.1406687307692307
1001,1966,BluesRock,Rock,1966,,0.45,0.18,14,5,6,3,1,4,1,0,14,13,1,92.85714285714286,13,0,1,279668,0.16800500537989912,138901,33.184731788546216,19976.285714285714,277469,2389,99.14635279320227,0.2660259148351643,4.288461538461538,0.1346153846153846,0.2150213131868133
1001,1966,Boogaloo,Latin,1966,1969,0.7,0.35,18,7,8,3,0,3,0,0,18,2,16,11.11111111111111,2,1,15,1109434,0.666470476202651,21122,1.8682842778243625,61635.22222222222,1067463,42220,96.19530983172672,0.4096488076923076,11.788461538461538,1.5961538461538463,0.3101711401098901
1001,1966,BossaNova,Jazz,1962,1967,0.45,0.4,58,28,27,3,1,5,2,0,58,58,0,100,58,0,0,3730787,2.241196311362965,849709,18.550589281160818,64323.91379310345,3732793,0,100,0.4542754587912086,25.23076923076923,2.5576923076923075,1.463640868131868
1001,1966,BritishBeat,Rock,1963,1967,0.75,0.7,133,68,62,3,4,4,1,0,133,18,115,13.533834586466165,18,40,75,5404795,3.2468234229595514,2001293,27.022268706502,40637.55639097744,4295456,1114867,79.39370717792634,0.7387318873626374,267.0576923076923,10.538461538461538,3.3487158379120863
1001,1966,BritishBlues,Rock,1964,,0.85,0.65,69,16,50,3,2,4,1,0,69,19,50,27.536231884057973,19,9,41,5557913,3.338806025237107,1153593,17.188288291778328,80549.46376811594,5278643,280516,94.95398494628414,0.9013627967032974,55.71153846153846,7.269230769230769,1.9393944258241764
1001,1966,BritishPop,Pop,1964,1968,0.8,0.75,128,54,71,3,22,3,0,0,127,19,108,14.960629921259843,19,45,63,6358272,3.819605823930024,1866790,22.69636386935442,49674,5046903,1315856,79.31941159487575,0.7718822554945054,218.46153846153845,18.25,3.1351456620879086
1001,1966,Bubblegum,Pop,1967,1971,0.9,0.05,0,0,0,0,0,0,0,0,0,0,0,0,0,0,0,0,0,0,0,0,0,0,0,0.06516441208791214,0,0,0
1001,1966,Childrens,NonMusic,1950,,0.3,0.35,52,31,18,3,1,3,0,0,48,0,48,0,0,23,25,741435,0.44540237411446965,266565,26.444940476190474,14258.365384615385,297723,444798,40.09623970231145,0.3780942225274722,138.17307692307693,2.1538461538461537,0.4417366758241756
1001,1966,Classical,Classical,1945,,0.15,0.4,141,118,20,3,2,4,1,0,139,0,139,0,0,106,33,2088107,1.254388874554132,667704,24.22894748587621,14809.2695035461,257891,1832081,12.339447609824438,0.476524881868131,412.13461538461536,5.923076923076923,0.6388440934065933
1001,1966,Comedy,NonMusic,1955,,0.15,0.35,64,39,22,3,3,3,0,0,63,0,63,0,0,33,30,1050042,0.6307919099043152,361040,25.58603964900693,16406.90625,265264,786533,25.22007573704812,0.4301306538461531,219.09615384615384,1.9423076923076923,0.5677752087912098
1001,1966,ContemporaryFolk,Folk,1961,1969,0.5,0.45,80,42,35,3,3,3,0,0,80,1,79,1.25,1,51,28,1434261,0.8616038553612837,676162,32.03916939874139,17928.2625,546238,889555,38.04434204652063,0.5348406510989009,193.92307692307693,5.096153846153846,0.7019342719780224
1001,1966,Country,Country,1950,,0.65,0.52,194,142,49,3,5,4,1,0,194,83,111,42.78350515463917,83,7,104,25233059,15.158259840404737,545064,2.114444096647378,130067.31443298969,24563515,676123,97.32118582683317,0.7199838571428586,197,22.365384615384617,6.663236164835165
1001,1966,CountryRock,Country,1968,,0.4,0.1,0,0,0,0,0,0,0,0,0,0,0,0,0,0,0,0,0,0,0,0,0,0,0,0.15054824175824155,0,0,0
1001,1966,DooWop,RhythmAndSoul,1954,1965,0.85,0.1,14,14,0,0,0,0,0,0,14,6,8,42.857142857142854,6,0,8,579522,0.3481363499855897,77609,11.810278315891352,41394.42857142857,573592,6808,98.82701585113715,0.0971437335164836,18.576923076923077,0.34615384615384615,0.2765572994505494
1001,1966,EasyListening,Pop,1950,,0.35,0.42,146,90,53,3,5,3,0,0,146,4,142,2.73972602739726,4,74,68,5972401,3.587801472231056,2910371,32.7642204483015,40906.856164383564,2075834,3900963,34.73154601034634,0.5065724945054938,558.2884615384615,33.90384615384615,1.7544579697802214
1001,1966,Folk,Folk,1958,1966,0.5,0.45,162,138,21,3,2,3,0,0,162,12,150,7.407407407407407,12,69,81,7160348,4.301437076326036,4063683,36.20520114386712,44199.67901234568,3429321,3736124,47.85914901307595,0.5192874697802198,566.75,33.5,2.7217783901098906
1001,1966,FolkRock,Folk,1965,,0.55,0.75,73,23,47,3,9,4,1,0,73,62,11,84.93150684931507,62,0,11,6541459,3.9296517817104193,1129287,14.721997052177194,89609.02739726027,6366820,175978,97.3103556001576,0.896939722527473,30.365384615384617,5.615384615384615,2.294017846153846
1001,1966,Funk,RhythmAndSoul,1967,,0.7,0.25,0,0,0,0,0,0,0,0,0,0,0,0,0,0,0,0,0,0,0,0,0,0,0,0.29984673076923063,0,0,0
1001,1966,GarageRock,Rock,1963,1968,0.85,0.65,91,39,49,3,5,3,0,0,88,17,71,19.318181818181817,17,5,66,4367818,2.6238800527354584,1346251,23.560286023847453,47998,4184818,185444,95.75668461067094,0.7600908983516478,86.26923076923077,3.269230769230769,2.116834785714286
1001,1966,Gospel,Gospel,1950,,0.7,0.48,97,45,49,3,8,6,3,0,97,23,74,23.711340206185568,23,21,53,5125845,3.0792497418422164,1663871,24.505752523375058,52843.762886597935,4886930,241495,95.29104939625714,0.6658859780219777,120.82692307692308,3.769230769230769,2.2340870054945063
1001,1966,HardRock,Rock,1967,,0.4,0.15,0,0,0,0,0,0,0,0,0,0,0,0,0,0,0,0,0,0,0,0,0,0,0,0.2258222774725275,0,0,0
1001,1966,Jazz,Jazz,1945,,0.3,0.25,122,74,45,3,1,4,1,0,122,3,119,2.459016393442623,3,48,71,5560457,3.340334282791373,1814009,24.598513302522516,45577.516393442624,3230003,2335203,58.03923520530956,0.32500000000000195,466.4807692307692,26.173076923076923,1.8148316153846145
1001,1966,LatinPop,Latin,1958,,0.6,0.35,52,30,19,3,2,3,0,0,52,1,51,1.9230769230769231,1,21,30,1247589,0.7494643529359918,565551,31.191799861014594,23992.096153846152,1048235,200593,83.9374997998123,0.4516457692307708,80.75,1.1153846153846154,0.6400723928571427
1001,1966,ProgressiveRock,Rock,1968,,0.25,0.05,0,0,0,0,0,0,0,0,0,0,0,0,0,0,0,0,0,0,0,0,0,0,0,0.07527403296703286,0,0,0
1001,1966,ProtoMetal,Rock,1968,,0.4,0.05,0,0,0,0,0,0,0,0,0,0,0,0,0,0,0,0,0,0,0,0,0,0,0,0.07527403296703286,0,0,0
1001,1966,ProtoPunk,Rock,1967,,0.4,0.05,0,0,0,0,0,0,0,0,0,0,0,0,0,0,0,0,0,0,0,0,0,0,0,0.10054813736263732,0,0,0
1001,1966,PsychedelicRock,Rock,1966,1971,0.85,0.55,23,11,9,3,0,3,0,0,23,0,23,0,0,8,15,237342,0.14257850017476442,105007,30.67250086899626,10319.217391304348,213928,23767,90.00105176802205,0.7990364587912095,12.673076923076923,0.057692307692307696,0.23718515934065937
1001,1966,Reggae,Caribbean,1968,,0.8,0.03,0,0,0,0,0,0,0,0,0,0,0,0,0,0,0,0,0,0,0,0,0,0,0,0.040109626373626375,0,0,0
1001,1966,RnB,RhythmAndSoul,1949,,0.8,0.5,292,220,69,3,10,5,2,0,291,123,168,42.2680412371134,123,25,143,20017910,12.025362491398145,5352589,21.09768909157049,68554.48630136986,19621438,407463,97.96562477392045,0.5818681950549454,302.09615384615387,15.596153846153847,8.126992469780213
1001,1966,RockAndRoll,Rock,1955,,0.85,0.24,108,48,57,3,7,5,2,0,108,63,45,58.333333333333336,63,2,43,4502645,2.704874699460703,1363425,23.24256273791482,41691.15740740741,4316514,190754,95.76785760243234,0.2594299862637363,136.65384615384616,2.5384615384615383,2.1695180934065936
1001,1966,Rocksteady,Caribbean,1966,1968,0.8,0.08,6,1,2,3,0,3,0,0,6,1,5,16.666666666666668,1,0,5,39162,0.02352579494503343,2967,7.042654703410952,6527,36295,3006,92.35133966056843,0.10021927197802191,4.9423076923076925,0,0.07809979670329668
1001,1966,SingerSongwriter,Folk,1967,,0.35,0.2,0,0,0,0,0,0,0,0,0,0,0,0,0,0,0,0,0,0,0,0,0,0,0,0.25054830769230874,0,0,0
1001,1966,Ska,Caribbean,1964,1967,0.8,0.1,21,7,11,3,3,3,0,0,21,2,19,9.523809523809524,2,2,17,381473,0.22916234040822067,90021,19.092713799115153,18165.380952380954,358681,23358,93.88596452194672,0.12045938461538491,17.365384615384617,0.17307692307692307,0.29905082692307694
1001,1966,Soul,RhythmAndSoul,1960,,0.95,0.85,301,204,94,3,10,4,1,0,301,95,206,31.561461794019934,95,15,191,29227744,17.55798764235563,6864619,19.019588714654123,97102.13953488372,28769903,467718,98.40028708218087,0.9513826263736264,331.9423076923077,21.71153846153846,12.141329978021973
1001,1966,SunshinePop,Pop,1965,1971,0.55,0.22,32,14,15,3,6,3,0,0,32,26,6,81.25,26,0,6,830901,0.49914729956649867,261168,23.914972405589758,25965.65625,770705,61022,92.663217618281,0.27136730769230816,19.634615384615383,0.46153846153846156,0.5063805741758242
1001,1966,SurfRock,Rock,1961,1966,0.8,0.4,38,27,8,3,0,3,0,0,38,33,5,86.84210526315789,33,0,5,2491084,1.4964693165531295,963127,27.8826915900621,65554.84210526316,2350943,142039,94.30244582592253,0.4487784505494503,69.90384615384616,2.25,1.0657066538461546
1001,1966,TeenPop,Pop,1957,1965,0.9,0.35,67,67,0,0,0,0,0,0,67,32,35,47.76119402985075,32,1,34,4344345,2.6097791134385693,1213081,21.82810891229141,64840.97014925373,4185520,162754,96.25704359936839,0.4221437664835173,114.03846153846153,3.0961538461538463,1.7721153241758212
1001,1966,TexMex,Latin,1959,,0.75,0.3,40,19,18,3,2,3,0,0,40,7,33,17.5,7,3,30,3291866,1.9775232241082532,79343,2.3535473475539486,82296.65,3140394,152923,95.3565660396494,0.43494311263736346,56.98076923076923,2.7884615384615383,0.8941843186813189
1001,1966,TraditionalPop,Pop,1950,1971,0.45,0.16,140,93,44,3,3,3,0,0,139,19,120,13.66906474820144,19,14,106,7823991,4.700107449001252,1363442,14.84029325710457,55885.65,7060265,770156,90.16456458726805,0.17514376648351657,275.8076923076923,12.26923076923077,2.821332417582418
1001,1967,AcidRock,Rock,1966,1971,0.4,0.15,18,3,12,3,2,3,0,0,18,14,4,77.77777777777777,14,2,2,349765,0.27690025865293816,95739,21.49004273811234,19431.38888888889,314584,35654,89.82006521279816,0.19537078846153835,9.807692307692308,0.46153846153846156,0.23664815109890114
1001,1967,BaroquePop,Pop,1966,1970,0.5,0.12,18,1,14,3,1,3,0,0,18,12,6,66.66666666666667,12,0,6,308259,0.24404098989920678,67942,18.060026422045663,17125.5,239102,69599,77.45423565197392,0.12671413461538472,17.576923076923077,0.3269230769230769,0.2738646483516483
1001,1967,Blues,Blues,1945,,0.5,0.4,70,49,18,3,3,3,0,0,68,7,61,10.294117647058824,7,46,15,1589719,1.2585410269337702,584050,26.868080278999287,22710.27142857143,774737,816198,48.69696122091726,0.5058600329670349,207,4.6923076923076925,0.5700417884615386
1001,1967,BluesRock,Rock,1966,,0.45,0.24,32,7,22,3,4,3,0,0,32,23,9,71.875,23,2,7,1337826,1.059123598509358,363777,21.378488401818757,41807.0625,1274284,64383,95.19051414578831,0.364244206043956,15.173076923076923,2.173076923076923,0.574757587912088
1001,1967,Boogaloo,Latin,1966,1969,0.7,0.4,38,11,24,3,3,3,0,0,38,0,38,0,0,32,6,549593,0.43509912042040866,46553,7.808993099005948,14462.973684210527,278220,272112,50.55493774666928,0.41053224725274745,38.92307692307692,2.3461538461538463,0.23078482692307722
1001,1967,BossaNova,Jazz,1962,1967,0.45,0.3,32,25,4,3,1,3,0,0,32,32,0,100,32,0,0,880926,0.6974072227183914,319195,26.596901479100858,27528.9375,882296,0,100,0.3546680329670333,13.634615384615385,0.9038461538461539,0.6758766620879116
1001,1967,BritishBeat,Rock,1963,1967,0.75,0.5,68,48,17,3,4,3,0,0,68,4,64,5.882352941176471,4,54,10,1680696,1.3305652570067288,375028,18.243110456462055,24716.117647058825,339021,1342827,20.1576480157541,0.5833527857142853,301.40384615384613,4.115384615384615,0.40152608241758164
1001,1967,BritishBlues,Rock,1964,,0.85,0.8,112,42,67,3,15,3,0,0,110,10,100,9.090909090909092,10,89,11,4050879,3.206980237793248,659791,14.006309081298413,36168.5625,2709530,1342370,66.87060391421309,0.9827276978021983,123.84615384615384,14.557692307692308,1.1624089423076918
1001,1967,BritishPop,Pop,1964,1968,0.8,0.55,115,43,69,3,13,3,0,0,115,14,101,12.173913043478262,14,85,16,3983646,3.1537535424692074,861829,17.78626450451194,34640.4,1994795,1990193,50.05774170461743,0.606009107142854,294.2692307692308,15.288461538461538,0.8929602472527477
1001,1967,Bubblegum,Pop,1967,1971,0.9,0.08,15,1,11,3,7,3,0,0,15,9,6,60,9,2,4,800956,0.634096961015604,85625,9.657887998953282,53397.066666666666,793559,7756,99.03209100041806,0.18708124175824217,7.538461538461538,0.6730769230769231,0.2292729615384612
1001,1967,Childrens,NonMusic,1950,,0.3,0.35,41,24,14,3,3,3,0,0,40,3,37,7.5,3,34,3,655058,0.5185931400588291,124128,15.93047103002364,15977.024390243903,138943,516536,21.19717031361798,0.36820548901098876,139.8846153846154,0.9230769230769231,0.12667228571428574
1001,1967,Classical,Classical,1945,,0.15,0.4,144,119,22,3,1,3,0,0,143,22,121,15.384615384615385,22,112,9,2564070,2.0299105004910127,551904,17.712086172734434,17806.041666666668,522484,2042889,20.366784869100908,0.45442564560439747,416.6730769230769,6.826923076923077,0.4721527609890106
1001,1967,Comedy,NonMusic,1955,,0.15,0.35,69,47,19,3,4,3,0,0,67,5,62,7.462686567164179,5,53,9,1225057,0.9698471835792387,313489,20.375666375915962,17754.44927536232,318999,906837,26.022975340910204,0.47057307967032935,205.15384615384616,1.9615384615384615,0.22625462362637355
1001,1967,ContemporaryFolk,Folk,1961,1969,0.5,0.4,79,52,24,3,11,3,0,0,79,7,72,8.860759493670885,7,64,8,1857757,1.4707400506463093,290086,13.5059219877803,23515.91139240506,705261,1153198,37.94869835707971,0.5044683791208814,234.96153846153845,5.903846153846154,0.27039914835164824
1001,1967,Country,Country,1950,,0.65,0.52,191,143,45,3,14,3,0,0,190,61,129,32.10526315789474,61,94,35,17459282,13.822079686917178,836680,4.573030923435455,91409.85340314136,14536157,2930107,83.22419150426217,0.7308095109890111,304.5,49.01923076923077,4.9283244450549475
1001,1967,CountryRock,Country,1968,,0.4,0.2,0,0,0,0,0,0,0,0,0,0,0,0,0,0,0,0,0,0,0,0,0,0,0,0.3005478461538464,0,0,0
1001,1967,DooWop,RhythmAndSoul,1954,1965,0.85,0.05,2,2,0,0,0,0,0,0,2,1,1,50,1,0,1,172203,0.1363288357634752,23203,11.874251558294013,86101.5,171424,1063,99.38372167177816,0.05192876923076925,3.3846153846153846,0.15384615384615385,0.07333451373626369
1001,1967,EasyListening,Pop,1950,,0.35,0.36,114,71,40,3,7,3,0,0,113,15,98,13.274336283185841,15,86,12,5224658,4.1362319030581745,1506847,22.38499414321166,45830.333333333336,1960612,3266053,37.51172114531924,0.4287864120879123,483.86538461538464,26.615384615384617,0.6136485851648351
1001,1967,Folk,Folk,1958,1966,0.5,0.35,90,90,0,0,0,0,0,0,90,13,77,14.444444444444445,13,52,25,4848415,3.8383696697976784,1691003,25.858616164313094,53871.27777777778,2089325,2761888,43.068094515742764,0.4223219972527471,487.4807692307692,21.942307692307693,0.9527821483516478
1001,1967,FolkRock,Folk,1965,,0.55,0.7,70,20,47,3,18,3,0,0,70,57,13,81.42857142857143,57,2,11,7423192,5.876756636114022,1416108,16.020589865713347,106045.6,6792299,633047,91.47451176012538,0.8300733516483517,48.57692307692308,13.653846153846153,2.6396399560439567
1001,1967,Funk,RhythmAndSoul,1967,,0.7,0.4,38,9,26,3,1,3,0,0,38,30,8,78.94736842105263,30,3,5,2474315,1.9588536974507016,464265,15.798957319521675,65113.55263157895,2408563,66352,97.31901903701743,0.5539567994505494,14.634615384615385,3.173076923076923,0.7413988983516483
1001,1967,GarageRock,Rock,1963,1968,0.85,0.55,102,44,55,3,7,3,0,0,98,16,82,16.3265306122449,16,63,19,2653189,2.1004637981362637,793325,23.018185911909832,26011.656862745098,2040811,613814,76.87756274426708,0.6159998818681273,148.6153846153846,5.019230769230769,1.084087175824176
1001,1967,Gospel,Gospel,1950,,0.7,0.55,104,50,51,3,6,3,0,0,102,19,83,18.627450980392158,19,59,24,3265503,2.5852175756063227,1104808,25.279848505060624,31399.06730769231,2768095,499030,84.7257145043425,0.7723323516483511,172.44230769230768,3.980769230769231,1.3777097967032963
1001,1967,HardRock,Rock,1967,,0.4,0.3,15,1,11,3,3,3,0,0,15,11,4,73.33333333333333,11,1,3,435334,0.34464310951758514,150648,25.708639514524336,29022.266666666666,419538,16027,96.32041141965034,0.4990133791208794,6.615384615384615,0.7307692307692307,0.22437438461538445
1001,1967,Jazz,Jazz,1945,,0.3,0.25,140,114,23,3,2,3,0,0,139,13,126,9.352517985611511,13,88,38,4262811,3.3747615355698537,1352283,24.08299843243942,30448.65,1409503,2855996,33.044269849787796,0.31846435989011,443.11538461538464,27.173076923076923,0.95720759065934
1001,1967,LatinPop,Latin,1958,,0.6,0.35,74,50,21,3,6,3,0,0,73,10,63,13.698630136986301,10,55,8,955522,0.7564630221679493,368805,27.84848455102101,12912.45945945946,416337,539880,43.5400123612109,0.4403975741758265,129.80769230769232,2.269230769230769,0.3439447087912087
1001,1967,ProgressiveRock,Rock,1968,,0.25,0.1,0,0,0,0,0,0,0,0,0,0,0,0,0,0,0,0,0,0,0,0,0,0,0,0.175410978021978,0,0,0
1001,1967,ProtoMetal,Rock,1968,,0.4,0.1,0,0,0,0,0,0,0,0,0,0,0,0,0,0,0,0,0,0,0,0,0,0,0,0.15027393131868164,0,0,0
1001,1967,ProtoPunk,Rock,1967,,0.4,0.15,16,5,8,3,1,3,0,0,16,16,0,100,16,0,0,175710,0.1391052405126521,76648,30.372724462866245,10981.875,176012,0,100,0.2247168571428575,4.653846153846154,0.11538461538461539,0.1910187005494505
1001,1967,PsychedelicRock,Rock,1966,1971,0.85,0.95,60,29,28,3,1,3,0,0,60,8,52,13.333333333333334,8,45,7,1166276,0.923311726618484,252272,17.78381838330462,19437.933333333334,774932,391711,66.42409031726072,0.9996203708791209,53.38461538461539,3.1923076923076925,0.3448990824175823
1001,1967,Reggae,Caribbean,1968,,0.8,0.05,0,0,0,0,0,0,0,0,0,0,0,0,0,0,0,0,0,0,0,0,0,0,0,0.07513694230769234,0,0,0
1001,1967,RnB,RhythmAndSoul,1949,,0.8,0.48,252,184,65,3,11,3,0,0,251,75,176,29.8804780876494,75,97,79,19082448,15.107099872575134,2921148,13.275775468700662,75724,18185224,903083,95.26892039194466,0.5537541208791203,368.65384615384613,19.96153846153846,4.939412453296706
1001,1967,RockAndRoll,Rock,1955,,0.85,0.16,70,34,33,3,3,3,0,0,68,23,45,33.8235294117647,23,11,34,2592517,2.052431283467869,595735,18.685317220847036,37035.95714285714,2370278,225276,91.32069685315736,0.16878638736263718,122.51923076923077,2.9423076923076925,1.12806056043956
1001,1967,Rocksteady,Caribbean,1966,1968,0.8,0.12,10,2,5,3,1,3,0,0,10,0,10,0,0,2,8,183179,0.14501826220401284,48998,21.103726898013154,18317.9,163035,20369,88.89391725371311,0.13267832967033022,10.923076923076923,0.25,0.1258807692307692
1001,1967,SingerSongwriter,Folk,1967,,0.35,0.3,20,3,14,3,9,3,0,0,20,1,19,5,1,13,6,197565,0.1564073009042292,131188,39.904730907398566,9878.25,116227,81474,58.78928280585328,0.3979948351648353,11.576923076923077,0.8269230769230769,0.09870714560439559
1001,1967,Ska,Caribbean,1964,1967,0.8,0.12,13,9,1,3,0,3,0,0,13,0,13,0,0,8,5,73498,0.05818654013544422,8009,9.826149901235476,5653.692307692308,36224,37502,49.13327726989122,0.11070641483516477,25.71153846153846,0,0.08645809340659344
1001,1967,Soul,RhythmAndSoul,1960,,0.95,0.9,300,213,84,3,8,3,0,0,300,90,210,30,90,164,46,21489912,17.01302929460889,3371091,13.559754608452442,71633.04,20227973,1266573,94.10746800607001,0.9660768571428571,443.3269230769231,22.346153846153847,6.5856889395604465
1001,1967,SunshinePop,Pop,1965,1971,0.55,0.22,39,10,26,3,8,3,0,0,39,24,15,61.53846153846154,24,1,14,2851294,2.2572986036212046,456552,13.802093567838407,73110.10256410256,2661307,191493,93.28754206393718,0.24621409065934016,36.84615384615385,4.5576923076923075,0.880514675824176
1001,1967,SurfRock,Rock,1961,1966,0.8,0.3,12,12,0,0,0,0,0,0,12,10,2,83.33333333333333,10,0,2,779866,0.6174005321133683,222003,22.15888504385304,64988.833333333336,697800,82873,89.38441575409935,0.35697934890109945,43.90384615384615,1.0384615384615385,0.28278450824175844
1001,1967,TeenPop,Pop,1957,1965,0.9,0.3,30,30,0,0,0,0,0,0,30,13,17,43.333333333333336,13,2,15,3531683,2.795945666891154,448497,11.268259224457186,117722.76666666666,3314944,218407,93.81870071781717,0.3769288571428572,101.1923076923077,4.730769230769231,0.7794840384615385
1001,1967,TexMex,Latin,1959,,0.75,0.3,40,23,14,3,3,3,0,0,40,5,35,12.5,5,24,11,1118227,0.8852725273617974,98639,8.105987019113034,27955.675,815319,303841,72.85097751885343,0.4327783543956051,81.46153846153847,2.6346153846153846,0.4002203708791208
1001,1967,TraditionalPop,Pop,1950,1971,0.45,0.11,98,72,23,3,6,3,0,0,98,10,88,10.204081632653061,10,58,30,2063630,1.633724588692301,426591,17.13064824366994,21057.448979591838,1087143,980091,52.58925694914073,0.14300000000000054,277.8269230769231,5.211538461538462,0.9463021538461545
1001,1968,AcidRock,Rock,1966,1971,0.4,0.18,28,15,10,3,1,3,0,0,28,1,27,3.5714285714285716,1,27,0,173753,0.13990772723326098,25042,12.596896300208758,6205.464285714285,28322,145641,16.280473434006083,0.17275707692307676,22.903846153846153,0.8076923076923077,0.043616181318681314
1001,1968,BaroquePop,Pop,1966,1970,0.5,0.09,21,7,11,3,0,3,0,0,21,15,6,71.42857142857143,15,2,4,749519,0.6035205136495285,55897,6.940140250504087,35691.380952380954,657121,93131,87.5867042007219,0.09601571978021985,24.423076923076923,1.6923076923076923,0.3294377829670332
1001,1968,Blues,Blues,1945,,0.5,0.4,77,56,18,3,3,3,0,0,77,9,68,11.688311688311689,9,67,1,1409072,1.1345994660697976,249884,15.062726196475374,18299.636363636364,470190,939739,33.34848776073122,0.4888094697802228,201.25,3.6346153846153846,0.2049091236263737
1001,1968,BluesRock,Rock,1966,,0.45,0.32,53,17,33,3,4,3,0,0,53,41,12,77.35849056603773,41,11,1,1620341,1.3047154676631156,410610,20.2176221878322,30572.471698113208,1380103,241439,85.11053059371882,0.4419269148351645,30.923076923076923,4,0.8185720467032973
1001,1968,Boogaloo,Latin,1966,1969,0.7,0.35,45,21,21,3,5,3,0,0,44,2,42,4.545454545454546,2,42,0,727795,0.5860281223445418,21707,2.8961897366518037,16173.222222222223,205680,522133,28.26000634778439,0.3288246456043953,75.42307692307692,2.2884615384615383,0.05773359065934069
1001,1968,BossaNova,Jazz,1962,1967,0.45,0.25,17,17,0,0,0,0,0,0,17,17,0,100,17,0,0,259744,0.2091485770172379,116010,30.87392283249147,15279.058823529413,260167,0,100,0.2742220082417588,6.365384615384615,0.4807692307692308,0.29476954395604393
1001,1968,BritishBeat,Rock,1963,1967,0.75,0.4,72,41,28,3,4,3,0,0,72,10,62,13.88888888888889,10,62,0,2139872,1.7230472457459305,342700,13.80423206255448,29720.444444444445,1121796,1018970,52.401616991301246,0.48683395604395635,291.1730769230769,5.173076923076923,0.2741340604395605
1001,1968,BritishBlues,Rock,1964,,0.85,0.95,129,75,51,3,7,3,0,0,128,12,116,9.375,12,115,1,3629697,2.92266986938577,458370,11.212389620815902,28137.18604651163,1324737,2305384,36.492915800878265,1,227.67307692307693,14.25,0.651440870879121
1001,1968,BritishPop,Pop,1964,1968,0.8,0.4,63,40,20,3,5,3,0,0,63,8,55,12.698412698412698,8,55,0,2543192,2.0478047149563543,421150,14.207200113886994,40368.12698412698,963160,1580853,37.859869426767865,0.45517236538461553,316.5769230769231,7.326923076923077,0.2953311923076924
1001,1968,Bubblegum,Pop,1967,1971,0.9,0.22,26,6,17,3,3,3,0,0,26,16,10,61.53846153846154,16,7,3,3143565,2.5312313143371687,361479,10.313108765539035,120906.34615384616,3041437,102586,96.73711038373447,0.38956192582417515,16.75,3.3846153846153846,0.45454517582417525
1001,1968,Childrens,NonMusic,1950,,0.3,0.35,58,39,16,3,1,3,0,0,58,3,55,5.172413793103448,3,54,1,965214,0.7772003765904748,147698,13.271309860977327,16641.620689655174,181835,783888,18.82889814159961,0.42801204670329646,147.6153846153846,2.8076923076923075,0.0990633956043956
1001,1968,Classical,Classical,1945,,0.15,0.4,149,126,20,3,3,3,0,0,149,14,135,9.395973154362416,14,135,0,3039988,2.447830033993005,576196,15.933813102430628,20402.604026845638,314892,2726847,10.352367510821935,0.4830603379120882,433.86538461538464,13.51923076923077,0.4328090989010993
1001,1968,Comedy,NonMusic,1955,,0.15,0.4,94,57,34,3,5,3,0,0,94,7,87,7.446808510638298,7,83,4,2280380,1.8361857523506568,448886,16.447132672300903,24259.36170212766,445923,1835299,19.547549515128296,0.5193177115384633,235.76923076923077,10.942307692307692,0.3319761675824176
1001,1968,ContemporaryFolk,Folk,1961,1969,0.5,0.4,91,71,17,3,4,3,0,0,91,14,77,15.384615384615385,14,77,0,2128737,1.7140812276470063,418808,16.439670349297067,23392.714285714286,667566,1462074,31.346424747844708,0.5169435769230795,259.78846153846155,5.096153846153846,0.3758835109890111
1001,1968,Country,Country,1950,,0.65,0.54,199,149,47,3,10,3,0,0,199,43,156,21.608040201005025,43,155,1,13605842,10.955565839524187,906671,6.247512060798843,68371.06532663316,8680505,4928325,63.78582875970969,0.749869,388.38461538461536,61.21153846153846,2.28511595879121
1001,1968,CountryRock,Country,1968,,0.4,0.4,30,5,22,3,0,3,0,0,30,25,5,83.33333333333333,25,4,1,1366602,1.1004021792569274,408445,23.01037662664707,45553.4,1302194,65051,95.24218410014299,0.6090888241758244,11.153846153846153,2.8076923076923075,0.6253151263736269
1001,1968,DooWop,RhythmAndSoul,1954,1965,0.85,0.03,2,2,0,0,0,0,0,0,2,1,1,50,1,0,1,213669,0.17204850661688512,13882,6.100610412610799,106834.5,212248,1521,99.28848429847172,0.03251774999999996,2.5961538461538463,0.25,0.0460020412087912
1001,1968,EasyListening,Pop,1950,,0.35,0.3,99,47,49,3,7,3,0,0,97,12,85,12.371134020618557,12,83,2,3793193,3.0543185532745616,919071,19.503809633755665,38315.080808080806,1119157,2675800,29.490637179815213,0.3505578736263735,430.5,16.692307692307693,0.5087454587912086
1001,1968,Folk,Folk,1958,1966,0.5,0.3,59,59,0,0,0,0,0,0,59,7,52,11.864406779661017,7,49,3,3837064,3.089643939894939,616444,13.841762493746502,65034.983050847455,1739116,2099584,45.3048167348321,0.3899999999999992,389.63461538461536,12.057692307692308,0.37325498626373665
1001,1968,FolkRock,Folk,1965,,0.55,0.6,72,21,48,3,12,3,0,0,72,55,17,76.38888888888889,55,7,10,7841656,6.314183172118262,1233349,13.590615101589476,108911.88888888889,7023645,820061,89.5449803957466,0.7475887582417572,61.5,16.557692307692307,2.267940376373627
1001,1968,Funk,RhythmAndSoul,1967,,0.7,0.55,59,15,41,3,3,3,0,0,59,45,14,76.27118644067797,45,13,1,3740640,3.0120023297314313,1007451,21.218022148269693,63400.67796610169,3506180,235671,93.70175349045165,0.7380344120879122,31.26923076923077,7.134615384615385,1.3133492554945057
1001,1968,GarageRock,Rock,1963,1968,0.85,0.4,46,24,19,3,2,3,0,0,46,42,4,91.30434782608695,42,3,1,3172115,2.5542200720133503,632608,16.626913444158745,68959.02173913043,2820094,353891,88.85026236733948,0.4551772692307694,158.71153846153845,4.596153846153846,0.9481974313186812
1001,1968,Gospel,Gospel,1950,,0.7,0.65,134,76,55,3,6,3,0,0,133,16,117,12.030075187969924,16,116,1,4097363,3.2992394086988766,412173,9.140031258204836,30577.33582089552,3161159,937110,77.13400462487942,0.8909372087912085,241.65384615384616,5.730769230769231,0.8611565769230773
1001,1968,HardRock,Rock,1967,,0.4,0.5,48,5,40,3,8,3,0,0,48,38,10,79.16666666666667,38,9,1,3234781,2.604679388599536,411331,11.281359431635671,67391.27083333333,2976005,259534,91.97864714348985,0.7338133763736266,20,3.826923076923077,0.7035746208791207
1001,1968,Jazz,Jazz,1945,,0.3,0.24,112,67,42,3,6,3,0,0,112,8,104,7.142857142857143,8,99,5,5526618,4.450090436806446,591356,9.665879586935151,49344.80357142857,2511469,3016607,45.43115905063534,0.31199999999999845,436.65384615384613,21.057692307692307,0.4408663296703298
1001,1968,LatinPop,Latin,1958,,0.6,0.35,73,60,10,3,4,3,0,0,73,5,68,6.8493150684931505,5,68,0,930196,0.7490035178757801,205346,18.08352311054985,12742.410958904109,227814,702950,24.476021848717828,0.4128151703296713,173.67307692307693,1.8269230769230769,0.1731995439560439
1001,1968,ProgressiveRock,Rock,1968,,0.25,0.25,19,1,15,3,0,3,0,0,19,15,4,78.94736842105263,15,4,0,286903,0.2310172869901773,124903,30.3305439940166,15100.157894736842,242715,44449,84.52138847487846,0.3949102994505491,6.865384615384615,0.8653846153846154,0.21192842582417562
1001,1968,ProtoMetal,Rock,1968,,0.4,0.2,11,2,6,3,3,3,0,0,11,7,4,63.63636363636363,7,3,1,160506,0.12924110471359795,42984,21.123396727111896,14591.454545454546,138120,22577,85.95057779547845,0.3148744725274721,4.903846153846154,0.5192307692307693,0.11391384340659333
1001,1968,ProtoPunk,Rock,1967,,0.4,0.25,40,14,23,3,4,3,0,0,40,24,16,60,24,11,5,2750042,2.21436249167503,297421,9.759626285864668,68751.05,2478605,272139,90.10671294747894,0.3520404505494505,18.78846153846154,5.519230769230769,0.5323605549450554
1001,1968,PsychedelicRock,Rock,1966,1971,0.85,0.9,81,55,23,3,1,3,0,0,80,11,69,13.75,11,69,0,1892158,1.5235853501593217,268788,12.438441312277122,23359.975308641977,896347,996090,47.36469430686464,0.960810565934066,116.17307692307692,7.730769230769231,0.3305730412087912
1001,1968,Reggae,Caribbean,1968,,0.8,0.1,11,1,7,3,2,3,0,0,11,1,10,9.090909090909092,1,10,0,84449,0.06799921530633518,1405,1.6364991730146528,7677.181818181818,65174,19275,77.17557342301271,0.15914795879120858,5.6923076923076925,0.15384615384615385,0.013559195054945053
1001,1968,RnB,RhythmAndSoul,1949,,0.8,0.45,209,141,65,3,8,3,0,0,209,52,157,24.880382775119617,52,157,0,13931504,11.217792277434544,1127004,7.484167754202475,66657.91387559808,12641314,1292886,90.72149100773636,0.51924410989011,430.5576923076923,15.384615384615385,2.391307725274726
1001,1968,RockAndRoll,Rock,1955,,0.85,0.1,58,35,20,3,3,3,0,0,58,13,45,22.413793103448278,13,40,5,635660,0.5118400597002335,119927,15.872030619902143,10959.655172413793,474079,162981,74.41669544469909,0.11055323351648344,95.82692307692308,0.8653846153846154,0.33805264560439524
1001,1968,Rocksteady,Caribbean,1966,1968,0.8,0.12,10,5,2,3,2,3,0,0,10,2,8,20,2,6,2,69741,0.05615618035357579,2940,4.045073678127709,6974.1,27265,42649,38.99791172011328,0.11011628846153852,17.384615384615383,0,0.05280835989010989
1001,1968,SingerSongwriter,Folk,1967,,0.35,0.4,44,11,30,3,7,3,0,0,44,4,40,9.090909090909092,4,40,0,837180,0.6741060648457375,96616,10.346585335555089,19026.81818181818,334098,503224,39.90077891181648,0.5710870576923083,42.11538461538461,4.115384615384615,0.11769509340659337
1001,1968,Ska,Caribbean,1964,1967,0.8,0.1,7,7,0,0,0,0,0,0,7,0,7,0,0,7,0,28680,0.02309343503162492,0,0,4097.142857142857,1127,27709,3.9083090581217923,0.09017169230769229,25.78846153846154,0,0.007960615384615384
1001,1968,Soul,RhythmAndSoul,1960,,0.95,0.9,340,255,82,3,9,3,0,0,339,78,261,23.008849557522122,78,260,1,21972707,17.692652774526852,1935689,8.096272957834561,64625.60882352941,19941985,2033239,90.74758464350579,0.9660768571428571,597.0576923076923,24,4.7048757499999985
1001,1968,SunshinePop,Pop,1965,1971,0.55,0.16,41,11,27,3,2,3,0,0,41,29,12,70.73170731707317,29,11,1,933537,0.7516937259106706,148998,13.763804403552772,22769.19512195122,670003,264644,71.68513888131027,0.15476911813186817,46.25,3.3653846153846154,0.523779802197802
1001,1968,SurfRock,Rock,1961,1966,0.8,0.25,6,6,0,0,0,0,0,0,6,4,2,66.66666666666667,4,2,0,215262,0.17333120682627767,47567,18.098078979108088,35877,182684,32865,84.752886814599,0.2892616153846154,20.03846153846154,0.46153846153846156,0.06897976098901099
1001,1968,TeenPop,Pop,1957,1965,0.9,0.28,24,24,0,0,0,0,0,0,24,8,16,33.333333333333336,8,13,3,1397052,1.1249208367434331,172797,11.00723700177533,58210.5,1134842,263001,81.18522609477603,0.34455323076923067,90.86538461538461,2.673076923076923,0.33034800274725273
1001,1968,TexMex,Latin,1959,,0.75,0.3,39,29,7,3,0,3,0,0,39,2,37,5.128205128205129,2,34,3,1089885,0.8775867656709389,98394,8.280378597955531,27945.76923076923,703105,387298,64.48120557261856,0.4337007774725286,104.96153846153847,2.269230769230769,0.18587776373626363
1001,1968,TraditionalPop,Pop,1950,1971,0.45,0.11,107,75,29,3,7,3,0,0,106,9,97,8.49056603773585,9,91,6,1735265,1.3972534707166184,124541,6.696451135225932,16217.429906542056,659194,1077286,37.96150833870819,0.1365177912087909,293.4807692307692,2.923076923076923,0.3011777500000003
1001,1969,AcidRock,Rock,1966,1971,0.4,0.12,25,11,11,3,0,3,0,0,24,3,21,12.5,3,17,4,237346,0.16872489028663049,10293,4.156453547300708,9493.84,111758,125707,47.062935590508076,0.12849567582417556,43.82692307692308,0.15384615384615385,0.07415794780219782
1001,1969,BaroquePop,Pop,1966,1970,0.5,0.06,16,9,4,3,0,3,0,0,16,12,4,75,12,3,1,95633,0.06798373443319598,3268,3.3043144154255266,5977.0625,51490,44533,53.62256959270175,0.07230213461538447,20.53846153846154,0.019230769230769232,0.13046711538461545
1001,1969,Blues,Blues,1945,,0.5,0.4,78,64,11,3,2,3,0,0,77,3,74,3.896103896103896,3,58,16,1517656,1.0788736363488176,404242,21.033478363576005,19457.128205128207,356588,1161988,23.481735520645657,0.5005296950549457,221.46153846153845,1.4615384615384615,0.389695120879121
1001,1969,BluesRock,Rock,1966,,0.45,0.36,40,17,20,3,1,3,0,0,40,31,9,77.5,31,4,5,2059428,1.4640093507083114,418751,16.897528386771093,51485.7,1712132,348529,83.086543589654,0.4673976923076923,40.63461538461539,3.673076923076923,0.8718238571428575
1001,1969,Boogaloo,Latin,1966,1969,0.7,0.25,31,24,4,3,0,3,0,0,30,1,29,3.3333333333333335,1,22,7,680013,0.4834086895017505,17575,2.519395402443849,21935.90322580645,214591,465641,31.546736995613262,0.276899142857142,108.3076923076923,0.5192307692307693,0.12075242307692312
1001,1969,BossaNova,Jazz,1962,1967,0.45,0.2,4,4,0,0,0,0,0,0,4,4,0,100,4,0,0,170112,0.12092948074304723,21126,11.046967652872338,42528,170451,0,100,0.25424344505494606,2.769230769230769,0.4807692307692308,0.1211575879120879
1001,1969,BritishBeat,Rock,1963,1967,0.75,0.35,72,35,34,3,6,3,0,0,71,1,70,1.408450704225352,1,62,8,1506005,1.070591155511856,412388,21.496533817627565,20916.73611111111,474940,1032331,31.509927544549058,0.45499919230769414,255.53846153846155,3.423076923076923,0.19719813736263744
1001,1969,BritishBlues,Rock,1964,,0.85,1,177,107,67,3,9,3,0,0,175,15,160,8.571428571428571,15,154,6,4439994,3.1563097778066522,730118,14.121899100058181,25084.71186440678,1123909,3316594,25.31039839405581,1,347.96153846153845,14.384615384615385,0.5680988901098899
1001,1969,BritishPop,Pop,1964,1968,0.8,0.3,59,19,37,3,6,3,0,0,58,8,50,13.793103448275861,8,37,13,1926105,1.3692324909858622,503623,20.72754645787512,32645.84745762712,851327,1076191,44.16700648191093,0.3785453461538456,275.6730769230769,3.7115384615384617,0.33299775000000015
1001,1969,Bubblegum,Pop,1967,1971,0.9,0.38,57,14,40,3,5,3,0,0,57,39,18,68.42105263157895,39,11,7,4752527,3.3784837185343304,809872,14.55976099521088,83377.66666666667,4451263,302345,93.63967327554144,0.49399999999999983,37.90384615384615,5.211538461538462,0.9213933681318681
1001,1969,Childrens,NonMusic,1950,,0.3,0.35,69,41,25,3,3,3,0,0,67,5,62,7.462686567164179,5,53,9,1230510,0.8747468453085441,303338,19.776275093751142,17833.478260869564,149099,1082078,12.110281462372997,0.42067392582417634,166,4.75,0.2173276428571428
1001,1969,Classical,Classical,1945,,0.15,0.4,94,73,18,3,5,3,0,0,93,6,87,6.451612903225806,6,81,6,3376574,2.4003441292235346,470690,12.234408660284295,35921,787194,2590759,23.30387663771521,0.47411199725274605,415.46153846153845,7.826923076923077,0.3398499807692309
1001,1969,Comedy,NonMusic,1955,,0.15,0.4,80,58,19,3,2,3,0,0,76,3,73,3.9473684210526314,3,62,11,2484104,1.7659036801150219,476363,16.090805943791977,31051.3,459781,2025078,18.503303406752657,0.5103606483516488,248.25,10.25,0.2684223434065934
1001,1969,ContemporaryFolk,Folk,1961,1969,0.5,0.4,88,70,15,3,2,3,0,0,88,9,79,10.227272727272727,9,71,8,1743439,1.2393786033741154,561936,24.37503659925175,19811.80681818182,235434,1509288,13.494069542311038,0.47557147252747284,267.78846153846155,3.173076923076923,0.3082356675824176
1001,1969,Country,Country,1950,,0.65,0.56,202,157,42,3,10,3,0,0,197,29,168,14.720812182741117,29,149,19,13280366,9.440767050282279,925004,6.511650171730832,65744.38613861386,6238776,7043746,46.96981491918478,0.7585631428571417,527.6346153846154,60.65384615384615,2.0157739478021988
1001,1969,CountryRock,Country,1968,,0.4,0.55,60,23,34,3,4,3,0,0,60,45,15,75,45,10,5,4980378,3.540458788586908,685844,12.104079225981616,83006.3,4433570,548091,88.99782622703552,0.7150000000000025,33.30769230769231,10.73076923076923,1.6358072032967048
1001,1969,DooWop,RhythmAndSoul,1954,1965,0.85,0.02,2,2,0,0,0,0,0,0,2,0,2,0,0,1,1,6078,0.004320738007643441,4880,44.53367402810732,3039,5888,237,96.13061224489796,0.02599999999999985,1.2692307692307692,0,0.010529173076923073
1001,1969,EasyListening,Pop,1950,,0.35,0.24,73,33,37,3,3,3,0,0,68,5,63,7.352941176470588,5,49,14,3485932,2.4780847128102197,804390,18.74894238707491,47752.49315068493,1345863,2141557,38.591939026558315,0.31199999999999845,361.4423076923077,13.538461538461538,0.45448430769230763
1001,1969,Folk,Folk,1958,1966,0.5,0.3,40,40,0,0,0,0,0,0,40,4,36,10,4,21,15,6420998,4.564568954524929,1134279,15.013069673024562,160524.95,4552973,1869361,70.89280937428667,0.3899999999999992,298.1730769230769,14.826923076923077,0.6232566263736264
1001,1969,FolkRock,Folk,1965,,0.55,0.55,73,30,40,3,5,3,0,0,73,59,14,80.82191780821918,59,6,8,5868509,4.17181472268799,1359515,18.80894418723568,80390.53424657535,5072393,798261,86.40252005994562,0.7150000000000025,74.42307692307692,11.51923076923077,2.1497832582417575
1001,1969,Funk,RhythmAndSoul,1967,,0.7,0.7,89,32,54,3,4,3,0,0,89,72,17,80.89887640449439,72,12,5,11857035,8.428947315310719,1309188,9.943535059371241,133225.11235955055,11204964,653512,94.4890726261958,0.8159484285714279,55.19230769230769,15.23076923076923,2.649480233516484
1001,1969,GarageRock,Rock,1963,1968,0.85,0.3,21,21,0,0,0,0,0,0,21,15,6,71.42857142857143,15,3,3,914886,0.6503755697368998,341924,27.2057033282676,43566,759394,156772,82.8882538753894,0.3892425604395593,96.5576923076923,1.3846153846153846,0.37968899450549437
1001,1969,Gospel,Gospel,1950,,0.7,0.75,147,93,51,3,5,3,0,0,147,12,135,8.16326530612245,12,122,13,3285133,2.3353404102112076,717177,17.919076733186586,22347.843537414967,1748366,1537492,53.20881182327417,0.9460882857142863,331.13461538461536,5.134615384615385,0.8569005192307693
1001,1969,HardRock,Rock,1967,,0.4,0.65,68,36,29,3,5,3,0,0,68,58,10,85.29411764705883,58,3,7,4076866,2.898168785500047,1078056,20.913138937892757,59953.91176470588,3484394,594275,85.42968306572561,0.8422212857142825,41.65384615384615,9.5,1.5941763928571422
1001,1969,Jazz,Jazz,1945,,0.3,0.24,142,97,42,3,6,3,0,0,142,9,133,6.338028169014085,9,95,38,8917258,6.339114110655238,1258682,12.369196359255263,62797.59154929577,5619928,3299049,63.01090360475198,0.31199999999999845,461.38461538461536,23.096153846153847,1.1808955686813187
1001,1969,LatinPop,Latin,1958,,0.6,0.35,76,60,13,3,2,3,0,0,76,4,72,5.2631578947368425,4,65,7,1089530,0.7745267656248368,200437,15.53814942552794,14335.921052631578,173078,917052,15.876822030400044,0.4220161346153841,212.03846153846155,1.6346153846153846,0.18250463186813182
1001,1969,ProgressiveRock,Rock,1968,,0.25,0.4,45,11,31,3,8,3,0,0,45,33,12,73.33333333333333,33,6,6,1653925,1.1757447530917535,457551,21.669722980512212,36753.88888888889,1302684,352023,78.72596175637138,0.516963134615387,22.115384615384617,5.519230769230769,0.704588813186813
1001,1969,ProtoMetal,Rock,1968,,0.4,0.35,50,15,32,3,4,3,0,0,48,42,6,87.5,42,2,4,1552536,1.1036691845071926,518821,25.047396465215797,31050.72,1371715,181527,88.31302527230142,0.45276596153846327,19.557692307692307,5.173076923076923,0.6821246291208788
1001,1969,ProtoPunk,Rock,1967,,0.4,0.3,42,17,22,3,5,3,0,0,42,33,9,78.57142857142857,33,6,3,1240789,0.8820539966709275,576477,31.722213478929337,29542.595238095237,871604,370491,70.1720882863227,0.38460024725274766,34.67307692307692,6.173076923076923,0.6444964258241759
1001,1969,PsychedelicRock,Rock,1966,1971,0.85,0.7,62,42,17,3,2,3,0,0,62,10,52,16.129032258064516,10,52,0,2523817,1.794134918762199,272643,9.749576249973181,40706.72580645161,1202886,1321417,47.652203400304955,0.8881188571428563,172.80769230769232,4.480769230769231,0.3572645576923079
1001,1969,Reggae,Caribbean,1968,,0.8,0.2,19,10,6,3,0,3,0,0,19,0,19,0,0,12,7,180920,0.12861268844074553,40720,18.37213499368345,9522.105263157895,99974,81103,55.21076669041347,0.2143944642857145,20.51923076923077,0.46153846153846156,0.09250984065934063
1001,1969,RnB,RhythmAndSoul,1949,,0.8,0.42,173,134,36,3,0,3,0,0,171,27,144,15.789473684210526,27,105,39,10927291,7.768009467634108,1389734,11.283033037604454,63163.53179190752,9543334,1386472,87.31476112201808,0.5013012857142847,461.75,10.365384615384615,1.9813404807692299
1001,1969,RockAndRoll,Rock,1955,,0.85,0.07,52,23,26,3,3,3,0,0,51,15,36,29.41176470588235,15,21,15,868874,0.6176664882614654,231124,21.011310929656236,16709.115384615383,753654,116473,86.61425286193854,0.09100000000000041,79.28846153846153,0.8461538461538461,0.4536522307692306
1001,1969,Rocksteady,Caribbean,1966,1968,0.8,0.1,2,2,0,0,0,0,0,0,2,0,2,0,0,1,1,27438,0.019505167728483173,1,0.003644447683953497,13719,2588,24956,9.395875689805402,0.1007052252747254,14.98076923076923,0,0.012569008241758247
1001,1969,SingerSongwriter,Folk,1967,,0.35,0.5,59,28,28,3,5,3,0,0,58,3,55,5.172413793103448,3,55,0,1429176,1.0159748375800959,130262,8.353137476449849,24223.322033898305,233159,1196103,16.313244177764467,0.643892513736266,89,8.096153846153847,0.09078865109890108
1001,1969,Ska,Caribbean,1964,1967,0.8,0.08,0,0,0,0,0,0,0,0,0,0,0,0,0,0,0,13383,0.00951372766638568,491,3.5389938013550526,0,0,13499,0,0.0800004450549443,12.288461538461538,0,0
1001,1969,Soul,RhythmAndSoul,1960,,0.95,0.9,365,275,87,3,10,3,0,0,361,80,281,22.1606648199446,80,262,19,23718738,16.861213025655935,2244544,8.645070372844234,64982.84383561644,20728646,2992713,87.383888924745,0.9660768571428571,769.0384615384615,24.826923076923077,4.88286789010989
1001,1969,SunshinePop,Pop,1965,1971,0.55,0.08,18,7,8,3,1,3,0,0,18,14,4,77.77777777777777,14,1,3,420987,0.2992718874010841,46619,9.9697180960039,23388.166666666668,335903,85780,79.65770495846407,0.1011157499999997,35.69230769230769,0.5192307692307693,0.2586507747252745
1001,1969,SurfRock,Rock,1961,1966,0.8,0.2,4,4,0,0,0,0,0,0,4,4,0,100,4,0,0,159863,0.11364365582690086,58376,26.748656289664083,39965.75,148506,11570,92.77218321297384,0.2563104423076923,11.884615384615385,0.4423076923076923,0.09002799725274714
1001,1969,TeenPop,Pop,1957,1965,0.9,0.25,8,8,0,0,0,0,0,0,8,4,4,50,4,2,2,945872,0.6724029451736948,75756,7.415223545165167,118234,767481,179045,81.08398501467471,0.32500000000000195,62.90384615384615,0.9807692307692307,0.1409131978021978
1001,1969,TexMex,Latin,1959,,0.75,0.3,52,37,12,3,1,3,0,0,52,2,50,3.8461538461538463,2,40,10,1289602,0.916754257343369,35283,2.663099061427973,24800.03846153846,754145,535857,58.460762076337865,0.4257911840659346,125.34615384615384,2.3461538461538463,0.201229043956044
1001,1969,TraditionalPop,Pop,1950,1971,0.45,0.1,96,66,27,3,1,3,0,0,95,6,89,6.315789473684211,6,62,27,3314787,2.3564208914350737,234105,6.596565914093751,34529.03125,2215704,1100491,66.81464751017356,0.13000000000000062,311.65384615384613,3.480769230769231,0.6198690906593404
